,$P(pass)$ = 0.000,$P(fail)$ = 1.000
0,0.0,0.0
1,0.0,0.0
2,0.0,0.0
3,0.0,0.0
4,0.0,0.0
5,0.0,0.0
6,0.0,0.0
7,0.0,0.0
8,0.0,0.0
9,0.0,0.0
10,0.0,0.0
11,0.0,0.0
12,0.0,0.0
13,0.0,1e-05
14,0.0,0.0
15,0.0,4e-05
16,0.0,0.00013
17,0.0,0.0003
18,0.0,0.00074
19,0.0,0.0018
20,0.0,0.00356
21,0.0,0.00716
22,0.0,0.01324
23,0.0,0.02033
24,0.0,0.03157
25,0.0,0.04537
26,0.0,0.05978
27,0.0,0.075
28,0.0,0.08884
29,0.0,0.0992
30,0.0,0.10387
31,0.0,0.09827
32,0.0,0.08835
33,0.0,0.07649
34,0.0,0.06164
35,0.0,0.04587
36,0.0,0.03167
37,0.0,0.02093
38,0.0,0.01177
39,0.0,0.00707
40,0.0,0.00341
41,0.0,0.00191
42,0.0,0.00091
43,0.0,0.0003
44,0.0,0.0001
45,0.0,9e-05
46,0.0,1e-05
47,0.0,2e-05
48,0.0,0.0
