,$P(pass)$ = 0.892,$P(fail)$ = 0.108
0,0.00551,0.0
1,0.02967,0.0
2,0.08233,0.0
3,0.14524,0.0
4,0.1877,0.0
5,0.18715,0.0
6,0.15092,0.0
7,0.10318,0.0
8,0.0,0.05811
9,0.0,0.02898
10,0.0,0.01365
11,0.0,0.00494
12,0.0,0.00173
13,0.0,0.00037
14,0.0,0.0002
15,0.0,3e-05
16,0.0,4e-05
17,0.0,0.0
