,$P(pass)$ = 0.283,$P(fail)$ = 0.717
0,4e-05,0.0
1,0.00044,0.0
2,0.00273,0.0
3,0.0089,0.0
4,0.02383,0.0
5,0.04898,0.0
6,0.08264,0.0
7,0.11531,0.0
8,0.0,0.13902
9,0.0,0.14484
10,0.0,0.13311
11,0.0,0.10894
12,0.0,0.0775
13,0.0,0.05205
14,0.0,0.02956
15,0.0,0.017
16,0.0,0.00856
17,0.0,0.00401
18,0.0,0.00149
19,0.0,0.00053
20,0.0,0.00018
21,0.0,8e-05
22,0.0,1e-05
23,0.0,0.0
