,$P(pass)$ = 0.500,$P(fail)$ = 0.500
0,1e-05,0.0
1,0.0003,0.0
2,0.00171,0.0
3,0.00635,0.0
4,0.0167,0.0
5,0.03932,0.0
6,0.06613,0.0
7,0.10072,0.0
8,0.12872,0.0
9,0.13984,0.0
10,0.0,0.13846
11,0.0,0.11924
12,0.0,0.09215
13,0.0,0.06384
14,0.0,0.04102
15,0.0,0.023
16,0.0,0.01207
17,0.0,0.00577
18,0.0,0.00266
19,0.0,0.00106
20,0.0,0.00051
21,0.0,0.0001
22,0.0,5e-05
23,0.0,0.0
24,0.0,1e-05
25,0.0,1e-05
26,0.0,0.0
