,$P(pass)$ = 0.502,$P(fail)$ = 0.498
0,8e-05,0.0
1,0.00075,0.0
2,0.00433,0.0
3,0.01432,0.0
4,0.03428,0.0
5,0.06486,0.0
6,0.10235,0.0
7,0.13382,0.0
8,0.14701,0.0
9,0.0,0.14545
10,0.0,0.12196
11,0.0,0.09271
12,0.0,0.06205
13,0.0,0.03707
14,0.0,0.02069
15,0.0,0.01051
16,0.0,0.00447
17,0.0,0.00199
18,0.0,0.00071
19,0.0,0.0002
20,0.0,0.00011
21,0.0,2e-05
22,0.0,1e-05
23,0.0,0.0
