,$P(pass)$ = 0.960,$P(fail)$ = 0.040
0,0.0031,0.0
1,0.01835,0.0
2,0.05667,0.0
3,0.10919,0.0
4,0.16169,0.0
5,0.18307,0.0
6,0.16781,0.0
7,0.12862,0.0
8,0.08398,0.0
9,0.04693,0.0
10,0.0,0.02353
11,0.0,0.01043
12,0.0,0.00435
13,0.0,0.00133
14,0.0,0.00051
15,0.0,0.00014
16,0.0,4e-05
17,0.0,1e-05
18,0.0,0.0
