,$P(pass)$ = 0.895,$P(fail)$ = 0.105
0,0.00559,0.0
1,0.03054,0.0
2,0.08363,0.0
3,0.14462,0.0
4,0.18821,0.0
5,0.18769,0.0
6,0.1526,0.0
7,0.10178,0.0
8,0.0,0.05772
9,0.0,0.0282
10,0.0,0.01212
11,0.0,0.00482
12,0.0,0.00165
13,0.0,0.00041
14,0.0,0.00014
15,0.0,3e-05
16,0.0,0.0
