,$P(pass)$ = 0.780,$P(fail)$ = 0.220
0,0.00181,0.0
1,0.01284,0.0
2,0.04253,0.0
3,0.08859,0.0
4,0.14408,0.0
5,0.17441,0.0
6,0.1732,0.0
7,0.14255,0.0
8,0.0,0.1006
9,0.0,0.06134
10,0.0,0.03305
11,0.0,0.01496
12,0.0,0.00623
13,0.0,0.00238
14,0.0,0.00075
15,0.0,0.00035
16,0.0,6e-05
17,0.0,2e-05
18,0.0,0.0
