,$P(pass)$ = 0.733,$P(fail)$ = 0.267
0,0.00136,0.0
1,0.00931,0.0
2,0.03244,0.0
3,0.07705,0.0
4,0.12434,0.0
5,0.16172,0.0
6,0.1731,0.0
7,0.15348,0.0
8,0.0,0.11426
9,0.0,0.07417
10,0.0,0.04188
11,0.0,0.02132
12,0.0,0.00963
13,0.0,0.00362
14,0.0,0.00143
15,0.0,0.00047
16,0.0,0.00012
17,0.0,3e-05
18,0.0,1e-05
19,0.0,0.0
20,0.0,1e-05
21,0.0,0.0
