,$P(pass)$ = 0.890,$P(fail)$ = 0.110
0,0.00603,0.0
1,0.03194,0.0
2,0.08355,0.0
3,0.14612,0.0
4,0.18515,0.0
5,0.18383,0.0
6,0.15084,0.0
7,0.10247,0.0
8,0.0,0.05831
9,0.0,0.03013
10,0.0,0.01321
11,0.0,0.0053
12,0.0,0.00208
13,0.0,0.00056
14,0.0,0.00016
15,0.0,4e-05
16,0.0,2e-05
17,0.0,0.0
18,0.0,1e-05
19,0.0,0.0
