,$P(pass)$ = 0.503,$P(fail)$ = 0.497
0,8e-05,0.0
1,0.0009,0.0
2,0.00445,0.0
3,0.01443,0.0
4,0.03489,0.0
5,0.0638,0.0
6,0.10237,0.0
7,0.13218,0.0
8,0.15015,0.0
9,0.0,0.14454
10,0.0,0.12264
11,0.0,0.09174
12,0.0,0.06164
13,0.0,0.03722
14,0.0,0.02082
15,0.0,0.01043
16,0.0,0.00444
17,0.0,0.00195
18,0.0,0.00063
19,0.0,0.00034
20,0.0,6e-05
21,0.0,3e-05
22,0.0,1e-05
23,0.0,1e-05
24,0.0,0.0
