,$P(pass)$ = 0.126,$P(fail)$ = 0.874
0,2e-05,0.0
1,9e-05,0.0
2,0.00042,0.0
3,0.00231,0.0
4,0.00682,0.0
5,0.01732,0.0
6,0.03678,0.0
7,0.06176,0.0
8,0.0,0.09242
9,0.0,0.11955
10,0.0,0.1362
11,0.0,0.13563
12,0.0,0.12295
13,0.0,0.09768
14,0.0,0.06955
15,0.0,0.04508
16,0.0,0.02696
17,0.0,0.01524
18,0.0,0.00717
19,0.0,0.00345
20,0.0,0.00149
21,0.0,0.00054
22,0.0,0.00024
23,0.0,6e-05
24,0.0,1e-05
25,0.0,0.0
26,0.0,1e-05
27,0.0,0.0
