,$P(pass)$ = 0.956,$P(fail)$ = 0.044
0,0.01396,0.0
1,0.06392,0.0
2,0.13764,0.0
3,0.19891,0.0
4,0.2067,0.0
5,0.16545,0.0
6,0.10951,0.0
7,0.05959,0.0
8,0.0,0.0273
9,0.0,0.01121
10,0.0,0.00378
11,0.0,0.00134
12,0.0,0.00033
13,0.0,9e-05
14,0.0,2e-05
15,0.0,0.0
