,$P(pass)$ = 0.685,$P(fail)$ = 0.315
0,0.00108,0.0
1,0.00701,0.0
2,0.0269,0.0
3,0.06275,0.0
4,0.11078,0.0
5,0.14934,0.0
6,0.1688,0.0
7,0.15805,0.0
8,0.0,0.12642
9,0.0,0.08565
10,0.0,0.05193
11,0.0,0.02878
12,0.0,0.01327
13,0.0,0.00576
14,0.0,0.00224
15,0.0,0.00067
16,0.0,0.00018
17,0.0,8e-05
18,0.0,6e-05
19,0.0,0.0
