,$P(pass)$ = 0.958,$P(fail)$ = 0.042
0,0.00323,0.0
1,0.01937,0.0
2,0.05747,0.0
3,0.11266,0.0
4,0.16128,0.0
5,0.18267,0.0
6,0.16417,0.0
7,0.12672,0.0
8,0.08258,0.0
9,0.0478,0.0
10,0.0,0.02438
11,0.0,0.01107
12,0.0,0.00398
13,0.0,0.00165
14,0.0,0.0005
15,0.0,0.00016
16,0.0,4e-05
17,0.0,2e-05
18,0.0,0.0
