,$P(pass)$ = 0.059,$P(fail)$ = 0.941
0,0.0,0.0
1,2e-05,0.0
2,0.00012,0.0
3,0.00059,0.0
4,0.00249,0.0
5,0.00703,0.0
6,0.01635,0.0
7,0.0322,0.0
8,0.0,0.05635
9,0.0,0.08363
10,0.0,0.10876
11,0.0,0.12697
12,0.0,0.1289
13,0.0,0.12187
14,0.0,0.1033
15,0.0,0.07881
16,0.0,0.05479
17,0.0,0.03525
18,0.0,0.02071
19,0.0,0.01138
20,0.0,0.00581
21,0.0,0.00266
22,0.0,0.00109
23,0.0,0.00039
24,0.0,0.00012
25,0.0,0.00012
26,0.0,2e-05
27,0.0,1e-05
28,0.0,1e-05
29,0.0,0.0
