,$P(pass)$ = 0.963,$P(fail)$ = 0.037
0,0.00312,0.0
1,0.01961,0.0
2,0.05865,0.0
3,0.11435,0.0
4,0.16488,0.0
5,0.18451,0.0
6,0.16665,0.0
7,0.12495,0.0
8,0.08114,0.0
9,0.04466,0.0
10,0.0,0.0221
11,0.0,0.00958
12,0.0,0.00375
13,0.0,0.00127
14,0.0,0.00034
15,0.0,0.00014
16,0.0,3e-05
17,0.0,2e-05
18,0.0,0.0
