,$P(pass)$ = 0.998,$P(fail)$ = 0.002
0,0.02226,0.0
1,0.09101,0.0
2,0.17544,0.0
3,0.22023,0.0
4,0.20017,0.0
5,0.14476,0.0
6,0.08193,0.0
7,0.03989,0.0
8,0.01587,0.0
9,0.00588,0.0
10,0.0,0.00179
11,0.0,0.0004
12,0.0,7e-05
13,0.0,3e-05
14,0.0,2e-05
15,0.0,0.0
