,$P(pass)$ = 0.043,$P(fail)$ = 0.957
0,0.0,0.0
1,0.0,0.0
2,1e-05,0.0
3,1e-05,0.0
4,0.00017,0.0
5,0.00062,0.0
6,0.00198,0.0
7,0.00525,0.0
8,0.01174,0.0
9,0.02347,0.0
10,0.0,0.03799
11,0.0,0.0599
12,0.0,0.08204
13,0.0,0.10143
14,0.0,0.11486
15,0.0,0.11919
16,0.0,0.11234
17,0.0,0.09708
18,0.0,0.07762
19,0.0,0.0574
20,0.0,0.03904
21,0.0,0.02579
22,0.0,0.01537
23,0.0,0.00818
24,0.0,0.00463
25,0.0,0.00195
26,0.0,0.00093
27,0.0,0.00045
28,0.0,0.00025
29,0.0,5e-05
30,0.0,0.0
31,0.0,1e-05
32,0.0,0.0
