,$P(pass)$ = 0.419,$P(fail)$ = 0.581
0,6e-06,0.0
1,0.000162,0.0
2,0.00093,0.0
3,0.0038,0.0
4,0.01106,0.0
5,0.026322,0.0
6,0.050764,0.0
7,0.08153,0.0
8,0.111916,0.0
9,0.13266,0.0
10,0.0,0.139522
11,0.0,0.12914
12,0.0,0.107498
13,0.0,0.080742
14,0.0,0.054302
15,0.0,0.033232
16,0.0,0.018734
17,0.0,0.009684
18,0.0,0.004668
19,0.0,0.001968
20,0.0,0.00085
21,0.0,0.000344
22,0.0,0.000104
23,0.0,4e-05
24,0.0,1.8e-05
25,0.0,2e-06
26,0.0,0.0
