,$P(pass)$ = 0.017,$P(fail)$ = 0.983
0,0.016964,0.0
1,0.0,0.077946
2,0.0,0.171482
3,0.0,0.231958
4,0.0,0.21946
5,0.0,0.152964
6,0.0,0.0811
7,0.0,0.033496
8,0.0,0.011014
9,0.0,0.002854
10,0.0,0.000604
11,0.0,0.000144
12,0.0,1e-05
13,0.0,2e-06
14,0.0,0.0
