,$P(pass)$ = 0.128,$P(fail)$ = 0.872
0,8e-06,0.0
1,7.2e-05,0.0
2,0.000472,0.0
3,0.00215,0.0
4,0.007182,0.0
5,0.017878,0.0
6,0.036984,0.0
7,0.063496,0.0
8,0.0,0.093074
9,0.0,0.120374
10,0.0,0.134806
11,0.0,0.134774
12,0.0,0.11998
13,0.0,0.096818
14,0.0,0.070432
15,0.0,0.046048
16,0.0,0.027246
17,0.0,0.014908
18,0.0,0.007502
19,0.0,0.003542
20,0.0,0.001428
21,0.0,0.000558
22,0.0,0.000184
23,0.0,6.4e-05
24,0.0,1.4e-05
25,0.0,4e-06
26,0.0,0.0
