,$P(pass)$ = 0.001,$P(fail)$ = 0.999
0,0.0,0.0
1,2e-06,0.0
2,2.2e-05,0.0
3,0.000152,0.0
4,0.000626,0.0
5,0.0,0.002208
6,0.0,0.006514
7,0.0,0.015292
8,0.0,0.031294
9,0.0,0.055516
10,0.0,0.084782
11,0.0,0.111462
12,0.0,0.131102
13,0.0,0.137
14,0.0,0.125892
15,0.0,0.104928
16,0.0,0.078372
17,0.0,0.05219
18,0.0,0.03172
19,0.0,0.016992
20,0.0,0.008144
21,0.0,0.003562
22,0.0,0.001458
23,0.0,0.000524
24,0.0,0.00019
25,0.0,3.6e-05
26,0.0,1.4e-05
27,0.0,2e-06
28,0.0,2e-06
29,0.0,0.0
