,$P(pass)$ = 0.891,$P(fail)$ = 0.109
0,0.005894,0.0
1,0.031568,0.0
2,0.083248,0.0
3,0.145516,0.0
4,0.186048,0.0
5,0.185458,0.0
6,0.150606,0.0
7,0.102506,0.0
8,0.0,0.05895
9,0.0,0.029396
10,0.0,0.012908
11,0.0,0.005218
12,0.0,0.0019
13,0.0,0.000544
14,0.0,0.000178
15,0.0,4.6e-05
16,0.0,1.4e-05
17,0.0,0.0
