,$P(pass)$ = 0.897,$P(fail)$ = 0.103
0,0.00623,0.0
1,0.032998,0.0
2,0.087624,0.0
3,0.149544,0.0
4,0.188366,0.0
5,0.185294,0.0
6,0.147552,0.0
7,0.099406,0.0
8,0.0,0.05643
9,0.0,0.027874
10,0.0,0.012044
11,0.0,0.00445
12,0.0,0.001538
13,0.0,0.000492
14,0.0,0.000114
15,0.0,3.2e-05
16,0.0,6e-06
17,0.0,4e-06
18,0.0,0.0
