,$P(pass)$ = 0.943,$P(fail)$ = 0.057
0,0.01106,0.0
1,0.05082,0.0
2,0.11965,0.0
3,0.18404,0.0
4,0.20507,0.0
5,0.1775,0.0
6,0.12353,0.0
7,0.07118,0.0
8,0.0,0.03374
9,0.0,0.01486
10,0.0,0.00585
11,0.0,0.00182
12,0.0,0.00046
13,0.0,0.00013
14,0.0,3e-05
15,0.0,1e-05
16,0.0,0.0
