,$P(pass)$ = 0.418,$P(fail)$ = 0.582
0,1.8e-05,0.0
1,0.000166,0.0
2,0.000852,0.0
3,0.0038,0.0
4,0.01102,0.0
5,0.026314,0.0
6,0.050994,0.0
7,0.080932,0.0
8,0.111328,0.0
9,0.132974,0.0
10,0.0,0.138952
11,0.0,0.129756
12,0.0,0.107238
13,0.0,0.080806
14,0.0,0.05468
15,0.0,0.03351
16,0.0,0.01904
17,0.0,0.009714
18,0.0,0.004492
19,0.0,0.00209
20,0.0,0.000814
21,0.0,0.000332
22,0.0,0.000104
23,0.0,5e-05
24,0.0,1e-05
25,0.0,1e-05
26,0.0,2e-06
27,0.0,0.0
