,$P(pass)$ = 0.493,$P(fail)$ = 0.507
0,0.020896,0.0
1,0.084834,0.0
2,0.169608,0.0
3,0.217536,0.0
4,0.0,0.202802
5,0.0,0.148992
6,0.0,0.087468
7,0.0,0.042064
8,0.0,0.017076
9,0.0,0.006276
10,0.0,0.001846
11,0.0,0.00045
12,0.0,0.000114
13,0.0,2.6e-05
14,0.0,1e-05
15,0.0,0.0
