,$P(pass)$ = 0.023,$P(fail)$ = 0.977
0,0.000482,0.0
1,0.00431,0.0
2,0.018504,0.0
3,0.0,0.051134
4,0.0,0.100518
5,0.0,0.150394
6,0.0,0.178304
7,0.0,0.172634
8,0.0,0.137356
9,0.0,0.091968
10,0.0,0.052488
11,0.0,0.025476
12,0.0,0.0109
13,0.0,0.003802
14,0.0,0.001312
15,0.0,0.00031
16,0.0,8.2e-05
17,0.0,2e-05
18,0.0,4e-06
19,0.0,0.0
