,$P(pass)$ = 0.892,$P(fail)$ = 0.108
0,0.00578,0.0
1,0.03069,0.0
2,0.08125,0.0
3,0.14439,0.0
4,0.18506,0.0
5,0.18904,0.0
6,0.15325,0.0
7,0.10245,0.0
8,0.0,0.05835
9,0.0,0.02912
10,0.0,0.01293
11,0.0,0.0051
12,0.0,0.00165
13,0.0,0.00048
14,0.0,0.00017
15,0.0,3e-05
16,0.0,1e-05
17,0.0,0.0
