,$P(pass)$ = 0.630,$P(fail)$ = 0.370
0,0.01476,0.0
1,0.0641,0.0
2,0.14311,0.0
3,0.20206,0.0
4,0.20552,0.0
5,0.0,0.16632
6,0.0,0.10691
7,0.0,0.05737
8,0.0,0.02513
9,0.0,0.00981
10,0.0,0.00346
11,0.0,0.00086
12,0.0,0.00028
13,0.0,5e-05
14,0.0,1e-05
15,0.0,0.0
