,$P(pass)$ = 0.393,$P(fail)$ = 0.607
0,0.12061,0.0
1,0.272858,0.0
2,0.0,0.28833
3,0.0,0.190226
4,0.0,0.087708
5,0.0,0.030194
6,0.0,0.008124
7,0.0,0.00164
8,0.0,0.000258
9,0.0,4.6e-05
10,0.0,4e-06
11,0.0,0.0
