,$P(pass)$ = 0.023,$P(fail)$ = 0.977
0,0.0,0.0
1,2e-05,0.0
2,1e-05,0.0
3,0.00012,0.0
4,0.00071,0.0
5,0.00248,0.0
6,0.00578,0.0
7,0.0138,0.0
8,0.0,0.02783
9,0.0,0.04773
10,0.0,0.07239
11,0.0,0.09533
12,0.0,0.11457
13,0.0,0.12507
14,0.0,0.12179
15,0.0,0.10958
16,0.0,0.09099
17,0.0,0.06567
18,0.0,0.04466
19,0.0,0.02836
20,0.0,0.01615
21,0.0,0.0089
22,0.0,0.00447
23,0.0,0.00201
24,0.0,0.00079
25,0.0,0.00035
26,0.0,9e-05
27,0.0,7e-05
28,0.0,3e-05
29,0.0,0.0
