,$P(pass)$ = 0.817,$P(fail)$ = 0.183
0,0.00711,0.0
1,0.03705,0.0
2,0.095084,0.0
3,0.15849,0.0
4,0.193242,0.0
5,0.183128,0.0
6,0.142662,0.0
7,0.0,0.09211
8,0.0,0.050914
9,0.0,0.024646
10,0.0,0.010166
11,0.0,0.003642
12,0.0,0.001266
13,0.0,0.00037
14,0.0,8e-05
15,0.0,3.2e-05
16,0.0,4e-06
17,0.0,2e-06
18,0.0,0.0
