,$P(pass)$ = 0.007,$P(fail)$ = 0.993
0,8e-06,0.0
1,0.000218,0.0
2,0.0014,0.0
3,0.00571,0.0
4,0.0,0.017132
5,0.0,0.039516
6,0.0,0.073168
7,0.0,0.111802
8,0.0,0.142512
9,0.0,0.155712
10,0.0,0.14441
11,0.0,0.118586
12,0.0,0.08449
13,0.0,0.052548
14,0.0,0.028842
15,0.0,0.014262
16,0.0,0.006128
17,0.0,0.002418
18,0.0,0.00078
19,0.0,0.000272
20,0.0,6.8e-05
21,0.0,1.4e-05
22,0.0,2e-06
23,0.0,0.0
