,$P(pass)$ = 0.025,$P(fail)$ = 0.975
0,8.6e-05,0.0
1,0.00104,0.0
2,0.005496,0.0
3,0.018356,0.0
4,0.0,0.045632
5,0.0,0.086544
6,0.0,0.129788
7,0.0,0.160456
8,0.0,0.164552
9,0.0,0.143566
10,0.0,0.106334
11,0.0,0.068554
12,0.0,0.038408
13,0.0,0.018906
14,0.0,0.008112
15,0.0,0.00286
16,0.0,0.00098
17,0.0,0.00025
18,0.0,7e-05
19,0.0,8e-06
20,0.0,0.0
