,$P(pass)$ = 0.930,$P(fail)$ = 0.070
0,0.00692,0.0
1,0.036752,0.0
2,0.098758,0.0
3,0.167886,0.0
4,0.20394,0.0
5,0.189898,0.0
6,0.140704,0.0
7,0.084836,0.0
8,0.0,0.042888
9,0.0,0.01804
10,0.0,0.006564
11,0.0,0.00214
12,0.0,0.000514
13,0.0,0.00013
14,0.0,2.4e-05
15,0.0,2e-06
16,0.0,2e-06
17,0.0,0.0
