,$P(pass)$ = 0.931,$P(fail)$ = 0.069
0,0.004024,0.0
1,0.022734,0.0
2,0.06732,0.0
3,0.125462,0.0
4,0.173752,0.0
5,0.18543,0.0
6,0.161528,0.0
7,0.117898,0.0
8,0.072856,0.0
9,0.0,0.039
10,0.0,0.018194
11,0.0,0.007808
12,0.0,0.00268
13,0.0,0.000898
14,0.0,0.000292
15,0.0,8.6e-05
16,0.0,3.4e-05
17,0.0,2e-06
18,0.0,0.0
