,$P(pass)$ = 0.000,$P(fail)$ = 1.000
0,0.0,0.0
1,0.0,0.0
2,0.0,0.0
3,0.0,0.0
4,0.0,0.0
5,0.0,0.0
6,0.0,0.0
7,0.0,0.0
8,0.0,0.0
9,0.0,0.0
10,0.0,0.0
11,0.0,0.0
12,0.0,2e-06
13,0.0,6e-06
14,0.0,1e-05
15,0.0,4e-05
16,0.0,0.000142
17,0.0,0.000348
18,0.0,0.00075
19,0.0,0.001674
20,0.0,0.003464
21,0.0,0.006658
22,0.0,0.012128
23,0.0,0.019874
24,0.0,0.030884
25,0.0,0.044462
26,0.0,0.060508
27,0.0,0.076346
28,0.0,0.09049
29,0.0,0.09987
30,0.0,0.102054
31,0.0,0.100694
32,0.0,0.091252
33,0.0,0.07674
34,0.0,0.06042
35,0.0,0.045104
36,0.0,0.030664
37,0.0,0.020242
38,0.0,0.011834
39,0.0,0.00671
40,0.0,0.003698
41,0.0,0.001684
42,0.0,0.000704
43,0.0,0.000344
44,0.0,0.000124
45,0.0,5.2e-05
46,0.0,1.2e-05
47,0.0,6e-06
48,0.0,4e-06
49,0.0,0.0
