,$P(pass)$ = 0.686,$P(fail)$ = 0.314
0,0.00093,0.0
1,0.007118,0.0
2,0.026126,0.0
3,0.062944,0.0
4,0.110626,0.0
5,0.151076,0.0
6,0.169124,0.0
7,0.157724,0.0
8,0.0,0.12585
9,0.0,0.086436
10,0.0,0.051832
11,0.0,0.027884
12,0.0,0.01307
13,0.0,0.00585
14,0.0,0.0023
15,0.0,0.000724
16,0.0,0.000262
17,0.0,9.6e-05
18,0.0,1.8e-05
19,0.0,4e-06
20,0.0,2e-06
21,0.0,0.0
22,0.0,0.0
23,0.0,0.0
24,0.0,2e-06
25,0.0,0.0
