,$P(pass)$ = 0.298,$P(fail)$ = 0.702
0,0.081242,0.0
1,0.21675,0.0
2,0.0,0.273738
3,0.0,0.2218
4,0.0,0.126778
5,0.0,0.054522
6,0.0,0.01862
7,0.0,0.005158
8,0.0,0.00117
9,0.0,0.000184
10,0.0,3.6e-05
11,0.0,0.0
