,$P(pass)$ = 0.929,$P(fail)$ = 0.071
0,0.006832,0.0
1,0.036744,0.0
2,0.099098,0.0
3,0.166906,0.0
4,0.203304,0.0
5,0.189964,0.0
6,0.14093,0.0
7,0.085684,0.0
8,0.0,0.04282
9,0.0,0.01817
10,0.0,0.006736
11,0.0,0.002088
12,0.0,0.000532
13,0.0,0.000146
14,0.0,2.8e-05
15,0.0,1.4e-05
16,0.0,2e-06
17,0.0,0.0
