,$P(pass)$ = 0.588,$P(fail)$ = 0.412
0,3e-05,0.0
1,0.000552,0.0
2,0.002938,0.0
3,0.010372,0.0
4,0.025964,0.0
5,0.053746,0.0
6,0.087238,0.0
7,0.120392,0.0
8,0.141724,0.0
9,0.145252,0.0
10,0.0,0.13129
11,0.0,0.10384
12,0.0,0.074272
13,0.0,0.047706
14,0.0,0.02755
15,0.0,0.014728
16,0.0,0.007326
17,0.0,0.003116
18,0.0,0.001248
19,0.0,0.000486
20,0.0,0.00017
21,0.0,4.4e-05
22,0.0,1.2e-05
23,0.0,0.0
24,0.0,2e-06
25,0.0,0.0
