,$P(pass)$ = 0.836,$P(fail)$ = 0.164
0,0.00837,0.0
1,0.041704,0.0
2,0.10337,0.0
3,0.167518,0.0
4,0.197528,0.0
5,0.18107,0.0
6,0.136126,0.0
7,0.0,0.085
8,0.0,0.04565
9,0.0,0.020758
10,0.0,0.008548
11,0.0,0.003016
12,0.0,0.000958
13,0.0,0.00031
14,0.0,6e-05
15,0.0,1.2e-05
16,0.0,0.0
