,$P(pass)$ = 0.000,$P(fail)$ = 1.000
0,0.0,0.0
1,0.0,0.0
2,0.0,0.0
3,0.0,0.0
4,0.0,0.0
5,0.0,0.0
6,0.0,0.0
7,0.0,0.0
8,0.0,0.0
9,0.0,0.0
10,0.0,0.0
11,0.0,0.0
12,0.0,0.0
13,0.0,8e-06
14,0.0,1.2e-05
15,0.0,3e-05
16,0.0,0.000122
17,0.0,0.000344
18,0.0,0.000772
19,0.0,0.001838
20,0.0,0.00361
21,0.0,0.006914
22,0.0,0.011872
23,0.0,0.020488
24,0.0,0.031114
25,0.0,0.045626
26,0.0,0.060308
27,0.0,0.07621
28,0.0,0.090608
29,0.0,0.099114
30,0.0,0.102764
31,0.0,0.099214
32,0.0,0.08954
33,0.0,0.07716
34,0.0,0.060376
35,0.0,0.044964
36,0.0,0.03102
37,0.0,0.020218
38,0.0,0.012162
39,0.0,0.006948
40,0.0,0.003516
41,0.0,0.001734
42,0.0,0.000822
43,0.0,0.000362
44,0.0,0.000146
45,0.0,4.8e-05
46,0.0,1e-05
47,0.0,4e-06
48,0.0,0.0
