,$P(pass)$ = 0.494,$P(fail)$ = 0.506
0,0.02034,0.0
1,0.084982,0.0
2,0.169548,0.0
3,0.218762,0.0
4,0.0,0.20335
5,0.0,0.148294
6,0.0,0.086838
7,0.0,0.04189
8,0.0,0.017566
9,0.0,0.005976
10,0.0,0.00178
11,0.0,0.000494
12,0.0,0.000144
13,0.0,2.8e-05
14,0.0,6e-06
15,0.0,0.0
