,$P(pass)$ = 0.384,$P(fail)$ = 0.616
0,0.116634,0.0
1,0.266976,0.0
2,0.0,0.288798
3,0.0,0.19449
4,0.0,0.0907
5,0.0,0.031784
6,0.0,0.00842
7,0.0,0.001846
8,0.0,0.000298
9,0.0,3.8e-05
10,0.0,1e-05
11,0.0,4e-06
12,0.0,0.0
