,$P(pass)$ = 0.059,$P(fail)$ = 0.941
0,1e-05,0.0
1,3e-05,0.0
2,0.00011,0.0
3,0.00067,0.0
4,0.00242,0.0
5,0.00654,0.0
6,0.01598,0.0
7,0.03313,0.0
8,0.0,0.05527
9,0.0,0.08221
10,0.0,0.11047
11,0.0,0.124
12,0.0,0.13091
13,0.0,0.12158
14,0.0,0.10312
15,0.0,0.07961
16,0.0,0.05562
17,0.0,0.03527
18,0.0,0.02171
19,0.0,0.01121
20,0.0,0.00575
21,0.0,0.0025
22,0.0,0.00106
23,0.0,0.00028
24,0.0,0.00024
25,0.0,2e-05
26,0.0,3e-05
27,0.0,0.0
