,$P(pass)$ = 0.222,$P(fail)$ = 0.778
0,1.8e-05,0.0
1,0.00028,0.0
2,0.001618,0.0
3,0.0057,0.0
4,0.016506,0.0
5,0.035946,0.0
6,0.065096,0.0
7,0.097198,0.0
8,0.0,0.12653
9,0.0,0.140588
10,0.0,0.13886
11,0.0,0.121016
12,0.0,0.095062
13,0.0,0.066308
14,0.0,0.041764
15,0.0,0.024154
16,0.0,0.012986
17,0.0,0.005982
18,0.0,0.002596
19,0.0,0.001176
20,0.0,0.000392
21,0.0,0.000168
22,0.0,4.2e-05
23,0.0,1e-05
24,0.0,2e-06
25,0.0,0.0
