,$P(pass)$ = 0.960,$P(fail)$ = 0.040
0,0.002824,0.0
1,0.018282,0.0
2,0.056044,0.0
3,0.111576,0.0
4,0.160828,0.0
5,0.182242,0.0
6,0.167578,0.0
7,0.128302,0.0
8,0.084392,0.0
9,0.047528,0.0
10,0.0,0.023708
11,0.0,0.010692
12,0.0,0.004058
13,0.0,0.00133
14,0.0,0.000436
15,0.0,0.000122
16,0.0,3.8e-05
17,0.0,1.8e-05
18,0.0,0.0
