,$P(pass)$ = 0.960,$P(fail)$ = 0.040
0,0.002862,0.0
1,0.018376,0.0
2,0.055484,0.0
3,0.111174,0.0
4,0.160598,0.0
5,0.183614,0.0
6,0.167004,0.0
7,0.129026,0.0
8,0.083858,0.0
9,0.047918,0.0
10,0.0,0.023618
11,0.0,0.010266
12,0.0,0.004092
13,0.0,0.001482
14,0.0,0.000446
15,0.0,0.000138
16,0.0,2.8e-05
17,0.0,1.2e-05
18,0.0,2e-06
19,0.0,0.0
