,$P(pass)$ = 0.000,$P(fail)$ = 1.000
0,0.0,0.0
1,2e-06,0.0
2,1.2e-05,0.0
3,8.6e-05,0.0
4,0.0,0.000454
5,0.0,0.001834
6,0.0,0.005494
7,0.0,0.014154
8,0.0,0.030298
9,0.0,0.053794
10,0.0,0.083896
11,0.0,0.112584
12,0.0,0.134856
13,0.0,0.140304
14,0.0,0.12964
15,0.0,0.106572
16,0.0,0.077298
17,0.0,0.051364
18,0.0,0.029956
19,0.0,0.015552
20,0.0,0.007244
21,0.0,0.002988
22,0.0,0.001132
23,0.0,0.000368
24,0.0,8e-05
25,0.0,2.6e-05
26,0.0,8e-06
27,0.0,2e-06
28,0.0,0.0
