,$P(pass)$ = 0.940,$P(fail)$ = 0.060
0,0.01885,0.0
1,0.081992,0.0
2,0.16954,0.0
3,0.223454,0.0
4,0.210484,0.0
5,0.150518,0.0
6,0.085088,0.0
7,0.0,0.038872
8,0.0,0.014698
9,0.0,0.004904
10,0.0,0.00123
11,0.0,0.0003
12,0.0,6.2e-05
13,0.0,6e-06
14,0.0,0.0
