,$P(pass)$ = 0.742,$P(fail)$ = 0.258
0,0.025148,0.0
1,0.09877,0.0
2,0.18723,0.0
3,0.229198,0.0
4,0.20128,0.0
5,0.0,0.13576
6,0.0,0.073306
7,0.0,0.032302
8,0.0,0.011954
9,0.0,0.003722
10,0.0,0.001052
11,0.0,0.00023
12,0.0,3.8e-05
13,0.0,6e-06
14,0.0,2e-06
15,0.0,0.0
