,$P(pass)$ = 0.515,$P(fail)$ = 0.485
0,0.000298,0.0
1,0.002548,0.0
2,0.010986,0.0
3,0.030934,0.0
4,0.065146,0.0
5,0.106172,0.0
6,0.140466,0.0
7,0.15799,0.0
8,0.0,0.14972
9,0.0,0.123418
10,0.0,0.08956
11,0.0,0.058358
12,0.0,0.03349
13,0.0,0.017268
14,0.0,0.00818
15,0.0,0.003408
16,0.0,0.001354
17,0.0,0.000496
18,0.0,0.00015
19,0.0,4.8e-05
20,0.0,6e-06
21,0.0,2e-06
22,0.0,0.0
