,$P(pass)$ = 0.817,$P(fail)$ = 0.183
0,0.007194,0.0
1,0.037486,0.0
2,0.094434,0.0
3,0.157758,0.0
4,0.194788,0.0
5,0.183394,0.0
6,0.141858,0.0
7,0.0,0.091958
8,0.0,0.051452
9,0.0,0.024152
10,0.0,0.010308
11,0.0,0.003546
12,0.0,0.001212
13,0.0,0.000302
14,0.0,0.000114
15,0.0,3.8e-05
16,0.0,4e-06
17,0.0,0.0
