,$P(pass)$ = 0.826,$P(fail)$ = 0.174
0,0.016714,0.0
1,0.073844,0.0
2,0.156538,0.0
3,0.21171,0.0
4,0.207946,0.0
5,0.158806,0.0
6,0.0,0.095796
7,0.0,0.048264
8,0.0,0.02007
9,0.0,0.00723
10,0.0,0.002292
11,0.0,0.00057
12,0.0,0.00017
13,0.0,4.4e-05
14,0.0,4e-06
15,0.0,0.0
