,$P(pass)$ = 0.504,$P(fail)$ = 0.496
0,0.0001,0.0
1,0.00094,0.0
2,0.00419,0.0
3,0.01453,0.0
4,0.03425,0.0
5,0.06517,0.0
6,0.10045,0.0
7,0.13371,0.0
8,0.15051,0.0
9,0.0,0.14432
10,0.0,0.12114
11,0.0,0.09233
12,0.0,0.06214
13,0.0,0.03745
14,0.0,0.02075
15,0.0,0.01034
16,0.0,0.00452
17,0.0,0.00182
18,0.0,0.00074
19,0.0,0.00024
20,0.0,8e-05
21,0.0,2e-05
22,0.0,0.0
23,0.0,1e-05
24,0.0,0.0
