,$P(pass)$ = 0.078,$P(fail)$ = 0.922
0,4e-05,0.0
1,0.000402,0.0
2,0.002092,0.0
3,0.00806,0.0
4,0.02155,0.0
5,0.046294,0.0
6,0.0,0.07854
7,0.0,0.114072
8,0.0,0.139496
9,0.0,0.147826
10,0.0,0.136894
11,0.0,0.111262
12,0.0,0.08058
13,0.0,0.05231
14,0.0,0.030884
15,0.0,0.016406
16,0.0,0.00779
17,0.0,0.00344
18,0.0,0.001264
19,0.0,0.000552
20,0.0,0.000172
21,0.0,4.8e-05
22,0.0,2e-05
23,0.0,2e-06
24,0.0,2e-06
25,0.0,0.0
