,$P(pass)$ = 0.409,$P(fail)$ = 0.591
0,0.001058,0.0
1,0.007964,0.0
2,0.030526,0.0
3,0.07294,0.0
4,0.126334,0.0
5,0.170162,0.0
6,0.0,0.180362
7,0.0,0.15646
8,0.0,0.115058
9,0.0,0.071974
10,0.0,0.03832
11,0.0,0.017808
12,0.0,0.007298
13,0.0,0.002616
14,0.0,0.00082
15,0.0,0.000246
16,0.0,3.6e-05
17,0.0,1.2e-05
18,0.0,4e-06
19,0.0,0.0
