,$P(pass) = 0.98772 \pm 0.00031$,$P(fail) = 0.01228 \pm 0.00031$,P(X=x),err_lower,err_upper
0,0.6015279083255005,0.0,0.6015279083255005,0.0013569908083415072,0.0013569908083415072
1,0.31150130992140473,0.0,0.31150130992140473,0.0012836054672389907,0.0012836054672389907
2,0.07468751874887507,0.0,0.07468751874887507,0.0007286488542967012,0.0007286488542967012
3,0.0,0.011089334639921605,0.011089334639921605,0.00029025608650997195,0.00029025608650997195
4,0.0,0.0010859348439093653,0.0010859348439093653,9.128848689353409e-05,9.128848689353409e-05
5,0.0,0.00010199388036717797,0.00010199388036717797,2.799077795066764e-05,2.799077795066764e-05
6,0.0,3.999760014399136e-06,3.999760014399136e-06,5.54327161452535e-06,5.54327161452535e-06
7,0.0,1.999880007199568e-06,1.999880007199568e-06,3.919688868053281e-06,3.919688868053281e-06
8,0.0,0.0,0.0,0.0,0.0
