,$P(pass)$ = 0.992,$P(fail)$ = 0.008
0,0.851428,0.0
1,0.14096,0.0
2,0.0,0.007482
3,0.0,0.000128
4,0.0,0.0
