,$P(pass)$ = 0.058,$P(fail)$ = 0.942
0,4e-06,0.0
1,1.6e-05,0.0
2,0.000122,0.0
3,0.0006,0.0
4,0.002302,0.0
5,0.006742,0.0
6,0.016188,0.0
7,0.032508,0.0
8,0.0,0.056186
9,0.0,0.08338
10,0.0,0.1086
11,0.0,0.125616
12,0.0,0.130528
13,0.0,0.12226
14,0.0,0.102018
15,0.0,0.07915
16,0.0,0.05521
17,0.0,0.035702
18,0.0,0.021114
19,0.0,0.01145
20,0.0,0.005766
21,0.0,0.002754
22,0.0,0.00114
23,0.0,0.00041
24,0.0,0.00015
25,0.0,4.8e-05
26,0.0,2.4e-05
27,0.0,8e-06
28,0.0,2e-06
29,0.0,0.0
