,$P(pass)$ = 0.104,$P(fail)$ = 0.896
0,4e-06,0.0
1,0.0,0.0
2,2.4e-05,0.0
3,0.000172,0.0
4,0.000792,0.0
5,0.002514,0.0
6,0.006698,0.0
7,0.015098,0.0
8,0.02932,0.0
9,0.04956,0.0
10,0.0,0.072524
11,0.0,0.096266
12,0.0,0.11393
13,0.0,0.12301
14,0.0,0.119974
15,0.0,0.107006
16,0.0,0.08858
17,0.0,0.065062
18,0.0,0.045688
19,0.0,0.02862
20,0.0,0.016936
21,0.0,0.009262
22,0.0,0.004848
23,0.0,0.002372
24,0.0,0.001022
25,0.0,0.000464
26,0.0,0.000166
27,0.0,6.2e-05
28,0.0,1.4e-05
29,0.0,1e-05
30,0.0,0.0
