,$P(pass)$ = 0.439,$P(fail)$ = 0.561
0,0.001264,0.0
1,0.009746,0.0
2,0.035426,0.0
3,0.081578,0.0
4,0.135748,0.0
5,0.174838,0.0
6,0.0,0.17857
7,0.0,0.152964
8,0.0,0.10828
9,0.0,0.064458
10,0.0,0.033184
11,0.0,0.015074
12,0.0,0.005946
13,0.0,0.00211
14,0.0,0.000598
15,0.0,0.000156
16,0.0,4.4e-05
17,0.0,1e-05
18,0.0,2e-06
19,0.0,2e-06
20,0.0,0.0
