,$P(pass)$ = 0.977,$P(fail)$ = 0.023
0,0.17793,0.0
1,0.318156,0.0
2,0.272628,0.0
3,0.149492,0.0
4,0.05886,0.0
5,0.0,0.017668
6,0.0,0.004276
7,0.0,0.000842
8,0.0,0.000124
9,0.0,2.2e-05
10,0.0,0.0
