,$P(pass)$ = 0.177,$P(fail)$ = 0.823
0,1.4e-05,0.0
1,0.000108,0.0
2,0.000784,0.0
3,0.003358,0.0
4,0.010398,0.0
5,0.02594,0.0
6,0.051426,0.0
7,0.084596,0.0
8,0.0,0.117954
9,0.0,0.14038
10,0.0,0.14602
11,0.0,0.132536
12,0.0,0.106646
13,0.0,0.076822
14,0.0,0.048696
15,0.0,0.028384
16,0.0,0.014546
17,0.0,0.00682
18,0.0,0.002918
19,0.0,0.00109
20,0.0,0.000378
21,0.0,0.000138
22,0.0,3.4e-05
23,0.0,1e-05
24,0.0,2e-06
25,0.0,0.0
