,$P(pass) = 0.8950 \pm 0.0008$,$P(fail) = 0.1050 \pm 0.0008$,P(X=x),err_lower,err_upper
0,0.5571485710857349,0.0,0.5571485710857349,0.0013767801507699184,0.0013767801507699184
1,0.33781573105613666,0.0,0.33781573105613666,0.001310929766383695,0.001310929766383695
2,0.0,0.09012259264444133,0.09012259264444133,0.0007937035808016635,0.0007937035808016635
3,0.0,0.013497190168589884,0.013497190168589884,0.0003198312586358311,0.0003198312586358311
4,0.0,0.0013319200847949123,0.0013319200847949123,0.00010108802900315713,0.00010108802900315713
5,0.0,8.199508029518229e-05,8.199508029518229e-05,2.509725090218341e-05,2.509725090218341e-05
6,0.0,1.999880007199568e-06,1.999880007199568e-06,3.919688868053277e-06,3.919688868053277e-06
7,0.0,0.0,0.0,0.0,0.0
