,$P(pass)$ = 0.347,$P(fail)$ = 0.653
0,0.099964,0.0
1,0.247098,0.0
2,0.0,0.286234
3,0.0,0.207834
4,0.0,0.104648
5,0.0,0.039226
6,0.0,0.011798
7,0.0,0.002642
8,0.0,0.000502
9,0.0,4.2e-05
10,0.0,1e-05
11,0.0,0.0
