,$P(pass)$ = 0.836,$P(fail)$ = 0.164
0,0.003428,0.0
1,0.02026,0.0
2,0.060256,0.0
3,0.116256,0.0
4,0.16485,0.0
5,0.181108,0.0
6,0.164942,0.0
7,0.124608,0.0
8,0.0,0.080866
9,0.0,0.045684
10,0.0,0.022438
11,0.0,0.009624
12,0.0,0.003806
13,0.0,0.00131
14,0.0,0.000376
15,0.0,0.000142
16,0.0,3.8e-05
17,0.0,2e-06
18,0.0,4e-06
19,0.0,0.0
