,$P(pass)$ = 0.892,$P(fail)$ = 0.108
0,0.005468,0.0
1,0.030256,0.0
2,0.081878,0.0
3,0.144932,0.0
4,0.186764,0.0
5,0.187046,0.0
6,0.152006,0.0
7,0.103898,0.0
8,0.0,0.058596
9,0.0,0.029224
10,0.0,0.01275
11,0.0,0.004854
12,0.0,0.001652
13,0.0,0.00047
14,0.0,0.00015
15,0.0,4.2e-05
16,0.0,1e-05
17,0.0,2e-06
18,0.0,0.0
