,$P(pass)$ = 0.993,$P(fail)$ = 0.007
0,0.853734,0.0
1,0.1388,0.0
2,0.0,0.007346
3,0.0,0.000118
4,0.0,0.0
