,$P(pass)$ = 0.148,$P(fail)$ = 0.852
0,0.14757,0.0
1,0.0,0.301602
2,0.0,0.28587
3,0.0,0.168992
4,0.0,0.069342
5,0.0,0.02088
6,0.0,0.004634
7,0.0,0.000946
8,0.0,0.000146
9,0.0,1.6e-05
10,0.0,0.0
