,$P(pass)$ = 0.503,$P(fail)$ = 0.497
0,6.2e-05,0.0
1,0.00084,0.0
2,0.004008,0.0
3,0.013908,0.0
4,0.034232,0.0
5,0.06554,0.0
6,0.10202,0.0
7,0.13383,0.0
8,0.14868,0.0
9,0.0,0.143648
10,0.0,0.12153
11,0.0,0.09246
12,0.0,0.062594
13,0.0,0.037848
14,0.0,0.020796
15,0.0,0.010282
16,0.0,0.00463
17,0.0,0.002
18,0.0,0.000712
19,0.0,0.000276
20,0.0,7.6e-05
21,0.0,2.2e-05
22,0.0,4e-06
23,0.0,0.0
