,$P(pass)$ = 0.439,$P(fail)$ = 0.561
0,0.001348,0.0
1,0.009564,0.0
2,0.035004,0.0
3,0.08197,0.0
4,0.136414,0.0
5,0.17516,0.0
6,0.0,0.179374
7,0.0,0.151816
8,0.0,0.108256
9,0.0,0.064288
10,0.0,0.033356
11,0.0,0.014858
12,0.0,0.005802
13,0.0,0.001934
14,0.0,0.00063
15,0.0,0.000186
16,0.0,3e-05
17,0.0,6e-06
18,0.0,2e-06
19,0.0,0.0
