,$P(pass)$ = 0.384,$P(fail)$ = 0.616
0,0.116626,0.0
1,0.267678,0.0
2,0.0,0.288972
3,0.0,0.193554
4,0.0,0.090602
5,0.0,0.031678
6,0.0,0.0087
7,0.0,0.001808
8,0.0,0.000338
9,0.0,3.8e-05
10,0.0,2e-06
11,0.0,2e-06
12,0.0,0.0
