,$P(pass)$ = 0.972,$P(fail)$ = 0.028
0,0.480008,0.0
1,0.3671,0.0
2,0.124624,0.0
3,0.0,0.024762
4,0.0,0.003248
5,0.0,0.000242
6,0.0,1.4e-05
7,0.0,0.0
