,$P(pass)$ = 0.890,$P(fail)$ = 0.110
0,0.00598,0.0
1,0.031984,0.0
2,0.083048,0.0
3,0.147076,0.0
4,0.185224,0.0
5,0.184718,0.0
6,0.14985,0.0
7,0.10221,0.0
8,0.0,0.059124
9,0.0,0.029862
10,0.0,0.013306
11,0.0,0.005104
12,0.0,0.00176
13,0.0,0.00054
14,0.0,0.000174
15,0.0,2.2e-05
16,0.0,1.4e-05
17,0.0,2e-06
18,0.0,0.0
