,$P(pass)$ = 0.440,$P(fail)$ = 0.560
0,0.001184,0.0
1,0.009998,0.0
2,0.035138,0.0
3,0.082048,0.0
4,0.136476,0.0
5,0.17508,0.0
6,0.0,0.179508
7,0.0,0.151926
8,0.0,0.1067
9,0.0,0.064344
10,0.0,0.033634
11,0.0,0.015086
12,0.0,0.006074
13,0.0,0.002054
14,0.0,0.00052
15,0.0,0.000176
16,0.0,4.6e-05
17,0.0,4e-06
18,0.0,2e-06
19,0.0,0.0
