,$P(pass)$ = 0.180,$P(fail)$ = 0.820
0,6e-06,0.0
1,0.000142,0.0
2,0.000908,0.0
3,0.003524,0.0
4,0.01082,0.0
5,0.026604,0.0
6,0.051892,0.0
7,0.085812,0.0
8,0.0,0.119318
9,0.0,0.141012
10,0.0,0.145282
11,0.0,0.13236
12,0.0,0.105852
13,0.0,0.075296
14,0.0,0.048386
15,0.0,0.027068
16,0.0,0.014412
17,0.0,0.006838
18,0.0,0.002818
19,0.0,0.001066
20,0.0,0.00042
21,0.0,0.000122
22,0.0,2.8e-05
23,0.0,1e-05
24,0.0,2e-06
25,0.0,0.0
