,$P(pass)$ = 0.018,$P(fail)$ = 0.982
0,0.018014,0.0
1,0.0,0.080512
2,0.0,0.17275
3,0.0,0.23047
4,0.0,0.215276
5,0.0,0.15057
6,0.0,0.081424
7,0.0,0.034828
8,0.0,0.011894
9,0.0,0.00337
10,0.0,0.000728
11,0.0,0.000148
12,0.0,1.2e-05
13,0.0,2e-06
14,0.0,0.0
