,$P(pass)$ = 0.003,$P(fail)$ = 0.997
0,0.00309,0.0
1,0.0,0.021138
2,0.0,0.068876
3,0.0,0.13892
4,0.0,0.197076
5,0.0,0.207762
6,0.0,0.16806
7,0.0,0.107476
8,0.0,0.054834
9,0.0,0.022718
10,0.0,0.00759
11,0.0,0.001946
12,0.0,0.000442
13,0.0,5.8e-05
14,0.0,8e-06
15,0.0,4e-06
16,0.0,0.0
