,$P(pass)$ = 0.630,$P(fail)$ = 0.370
0,0.0141,0.0
1,0.064052,0.0
2,0.141794,0.0
3,0.201848,0.0
4,0.208128,0.0
5,0.0,0.16629
6,0.0,0.106942
7,0.0,0.056666
8,0.0,0.025762
9,0.0,0.009838
10,0.0,0.003358
11,0.0,0.000942
12,0.0,0.000204
13,0.0,6.8e-05
14,0.0,4e-06
15,0.0,2e-06
16,0.0,0.0
