,$P(pass)$ = 0.018,$P(fail)$ = 0.982
0,0.002146,0.0
1,0.015714,0.0
2,0.0,0.05259
3,0.0,0.112668
4,0.0,0.173112
5,0.0,0.1972
6,0.0,0.17786
7,0.0,0.129724
8,0.0,0.076852
9,0.0,0.038332
10,0.0,0.015918
11,0.0,0.005632
12,0.0,0.001698
13,0.0,0.00043
14,0.0,9e-05
15,0.0,2.6e-05
16,0.0,4e-06
17,0.0,2e-06
18,0.0,0.0
