,$P(pass)$ = 0.211,$P(fail)$ = 0.789
0,4e-06,0.0
1,2e-05,0.0
2,0.000168,0.0
3,0.000758,0.0
4,0.00286,0.0
5,0.007782,0.0
6,0.01791,0.0
7,0.035384,0.0
8,0.058738,0.0
9,0.086964,0.0
10,0.0,0.110086
11,0.0,0.126508
12,0.0,0.129314
13,0.0,0.11862
14,0.0,0.09929
15,0.0,0.076438
16,0.0,0.05359
17,0.0,0.034388
18,0.0,0.020044
19,0.0,0.010926
20,0.0,0.005634
21,0.0,0.002708
22,0.0,0.001148
23,0.0,0.000426
24,0.0,0.000194
25,0.0,7.8e-05
26,0.0,1e-05
27,0.0,6e-06
28,0.0,0.0
29,0.0,2e-06
30,0.0,0.0
