,$P(pass)$ = 0.127,$P(fail)$ = 0.873
0,8e-06,0.0
1,7.2e-05,0.0
2,0.00045,0.0
3,0.00199,0.0
4,0.006898,0.0
5,0.017766,0.0
6,0.036502,0.0
7,0.06288,0.0
8,0.0,0.09315
9,0.0,0.120548
10,0.0,0.13632
11,0.0,0.134744
12,0.0,0.12071
13,0.0,0.095958
14,0.0,0.069832
15,0.0,0.046214
16,0.0,0.027478
17,0.0,0.015148
18,0.0,0.007618
19,0.0,0.00341
20,0.0,0.001456
21,0.0,0.000562
22,0.0,0.0002
23,0.0,5.8e-05
24,0.0,1.8e-05
25,0.0,6e-06
26,0.0,2e-06
27,0.0,0.0
