,$P(pass)$ = 0.001,$P(fail)$ = 0.999
0,8e-06,0.0
1,0.00014,0.0
2,0.00105,0.0
3,0.0,0.004504
4,0.0,0.01427
5,0.0,0.03491
6,0.0,0.067394
7,0.0,0.105926
8,0.0,0.139328
9,0.0,0.15725
10,0.0,0.149608
11,0.0,0.124988
12,0.0,0.089358
13,0.0,0.055994
14,0.0,0.030718
15,0.0,0.014918
16,0.0,0.006298
17,0.0,0.002302
18,0.0,0.000724
19,0.0,0.000238
20,0.0,5.4e-05
21,0.0,1.4e-05
22,0.0,4e-06
23,0.0,0.0
