,$P(pass)$ = 0.438,$P(fail)$ = 0.562
0,0.00011,0.0
1,0.001106,0.0
2,0.005638,0.0
3,0.019288,0.0
4,0.046468,0.0
5,0.084412,0.0
6,0.126766,0.0
7,0.154312,0.0
8,0.0,0.158724
9,0.0,0.140956
10,0.0,0.107388
11,0.0,0.07237
12,0.0,0.042296
13,0.0,0.02283
14,0.0,0.010534
15,0.0,0.00429
16,0.0,0.001658
17,0.0,0.000614
18,0.0,0.000182
19,0.0,4.2e-05
20,0.0,1.2e-05
21,0.0,2e-06
22,0.0,0.0
