,$P(pass)$ = 0.022,$P(fail)$ = 0.978
0,0.0,0.0
1,3.6e-05,0.0
2,0.0003,0.0
3,0.001474,0.0
4,0.005356,0.0
5,0.0148,0.0
6,0.0,0.032428
7,0.0,0.060666
8,0.0,0.094044
9,0.0,0.125352
10,0.0,0.144552
11,0.0,0.143144
12,0.0,0.126988
13,0.0,0.098186
14,0.0,0.067996
15,0.0,0.042054
16,0.0,0.023158
17,0.0,0.011468
18,0.0,0.004992
19,0.0,0.001902
20,0.0,0.000786
21,0.0,0.000214
22,0.0,7.2e-05
23,0.0,2.6e-05
24,0.0,4e-06
25,0.0,0.0
