,$P(pass)$ = 0.017,$P(fail)$ = 0.983
0,0.000348,0.0
1,0.003152,0.0
2,0.013896,0.0
3,0.0,0.039254
4,0.0,0.081562
5,0.0,0.128854
6,0.0,0.163076
7,0.0,0.169302
8,0.0,0.148658
9,0.0,0.10966
10,0.0,0.070724
11,0.0,0.039716
12,0.0,0.019156
13,0.0,0.008192
14,0.0,0.002996
15,0.0,0.001084
16,0.0,0.000278
17,0.0,5.8e-05
18,0.0,1.8e-05
19,0.0,1.2e-05
20,0.0,2e-06
21,0.0,0.0
