,$P(pass)$ = 0.542,$P(fail)$ = 0.458
0,0.026398,0.0
1,0.101074,0.0
2,0.18838,0.0
3,0.225822,0.0
4,0.0,0.198292
5,0.0,0.134856
6,0.0,0.073402
7,0.0,0.033016
8,0.0,0.012748
9,0.0,0.004314
10,0.0,0.001294
11,0.0,0.000322
12,0.0,6.8e-05
13,0.0,6e-06
14,0.0,6e-06
15,0.0,0.0
