,$P(pass)$ = 0.892,$P(fail)$ = 0.108
0,0.005304,0.0
1,0.030374,0.0
2,0.082134,0.0
3,0.14511,0.0
4,0.187362,0.0
5,0.186556,0.0
6,0.152604,0.0
7,0.103052,0.0
8,0.0,0.058178
9,0.0,0.029444
10,0.0,0.01286
11,0.0,0.004792
12,0.0,0.001512
13,0.0,0.000568
14,0.0,0.000112
15,0.0,2.8e-05
16,0.0,6e-06
17,0.0,2e-06
18,0.0,0.0
