,$P(pass)$ = 0.541,$P(fail)$ = 0.459
0,0.026052,0.0
1,0.101096,0.0
2,0.187976,0.0
3,0.226138,0.0
4,0.0,0.197962
5,0.0,0.135504
6,0.0,0.0736
7,0.0,0.033148
8,0.0,0.012676
9,0.0,0.004228
10,0.0,0.001204
11,0.0,0.000304
12,0.0,7.8e-05
13,0.0,3e-05
14,0.0,2e-06
15,0.0,0.0
