,$P(pass)$ = 0.686,$P(fail)$ = 0.314
0,0.000976,0.0
1,0.007132,0.0
2,0.026548,0.0
3,0.063564,0.0
4,0.11044,0.0
5,0.151712,0.0
6,0.168236,0.0
7,0.157408,0.0
8,0.0,0.124622
9,0.0,0.086168
10,0.0,0.052326
11,0.0,0.028042
12,0.0,0.013592
13,0.0,0.005788
14,0.0,0.00228
15,0.0,0.000788
16,0.0,0.00027
17,0.0,7.2e-05
18,0.0,2.8e-05
19,0.0,4e-06
20,0.0,2e-06
21,0.0,0.0
