,$P(pass)$ = 0.411,$P(fail)$ = 0.589
0,0.042138,0.0
1,0.140708,0.0
2,0.228638,0.0
3,0.0,0.235646
4,0.0,0.177008
5,0.0,0.102288
6,0.0,0.047808
7,0.0,0.017942
8,0.0,0.005806
9,0.0,0.001586
10,0.0,0.000342
11,0.0,6.8e-05
12,0.0,2e-05
13,0.0,0.0
