,$P(pass)$ = 0.408,$P(fail)$ = 0.592
0,0.00103,0.0
1,0.008096,0.0
2,0.030474,0.0
3,0.072914,0.0
4,0.12642,0.0
5,0.169158,0.0
6,0.0,0.17978
7,0.0,0.157378
8,0.0,0.115214
9,0.0,0.07169
10,0.0,0.038606
11,0.0,0.017924
12,0.0,0.007386
13,0.0,0.00279
14,0.0,0.000824
15,0.0,0.000226
16,0.0,7e-05
17,0.0,1.6e-05
18,0.0,2e-06
19,0.0,0.0
