,$P(pass)$ = 0.017,$P(fail)$ = 0.983
0,0.0,0.0
1,0.0,0.0
2,6e-06,0.0
3,8.2e-05,0.0
4,0.000318,0.0
5,0.001318,0.0
6,0.004104,0.0
7,0.01091,0.0
8,0.0,0.022504
9,0.0,0.041652
10,0.0,0.06675
11,0.0,0.093894
12,0.0,0.117552
13,0.0,0.13074
14,0.0,0.130032
15,0.0,0.117002
16,0.0,0.093626
17,0.0,0.06859
18,0.0,0.045792
19,0.0,0.026954
20,0.0,0.014886
21,0.0,0.007592
22,0.0,0.003374
23,0.0,0.001522
24,0.0,0.000518
25,0.0,0.00019
26,0.0,7.2e-05
27,0.0,1.2e-05
28,0.0,6e-06
29,0.0,0.0
