,$P(pass)$ = 0.819,$P(fail)$ = 0.181
0,0.00706,0.0
1,0.03658,0.0
2,0.094654,0.0
3,0.158134,0.0
4,0.194424,0.0
5,0.185592,0.0
6,0.142918,0.0
7,0.0,0.092238
8,0.0,0.049948
9,0.0,0.0234
10,0.0,0.009832
11,0.0,0.003616
12,0.0,0.001186
13,0.0,0.000304
14,0.0,7.8e-05
15,0.0,3.2e-05
16,0.0,2e-06
17,0.0,0.0
