,$P(pass)$ = 0.503,$P(fail)$ = 0.497
0,5.4e-05,0.0
1,0.000744,0.0
2,0.004204,0.0
3,0.014088,0.0
4,0.034318,0.0
5,0.065642,0.0
6,0.101796,0.0
7,0.133128,0.0
8,0.149156,0.0
9,0.0,0.143966
10,0.0,0.123278
11,0.0,0.092216
12,0.0,0.061556
13,0.0,0.037462
14,0.0,0.020548
15,0.0,0.010286
16,0.0,0.004572
17,0.0,0.001858
18,0.0,0.000738
19,0.0,0.000278
20,0.0,7.6e-05
21,0.0,2.2e-05
22,0.0,8e-06
23,0.0,4e-06
24,0.0,0.0
