,$P(pass)$ = 0.127,$P(fail)$ = 0.873
0,2e-06,0.0
1,6.4e-05,0.0
2,0.000484,0.0
3,0.001998,0.0
4,0.007004,0.0
5,0.017432,0.0
6,0.036258,0.0
7,0.06363,0.0
8,0.0,0.093564
9,0.0,0.121148
10,0.0,0.13552
11,0.0,0.135198
12,0.0,0.120944
13,0.0,0.09598
14,0.0,0.069378
15,0.0,0.04569
16,0.0,0.027652
17,0.0,0.014886
18,0.0,0.007556
19,0.0,0.00343
20,0.0,0.001352
21,0.0,0.000528
22,0.0,0.000198
23,0.0,8.2e-05
24,0.0,1.6e-05
25,0.0,2e-06
26,0.0,0.0
27,0.0,2e-06
28,0.0,0.0
