,$P(pass)$ = 0.894,$P(fail)$ = 0.106
0,0.00092,0.0
1,0.007108,0.0
2,0.025596,0.0
3,0.06211,0.0
4,0.109148,0.0
5,0.150034,0.0
6,0.167572,0.0
7,0.157282,0.0
8,0.126818,0.0
9,0.08777,0.0
10,0.0,0.05315
11,0.0,0.02878
12,0.0,0.014112
13,0.0,0.006016
14,0.0,0.002338
15,0.0,0.000866
16,0.0,0.000266
17,0.0,8.4e-05
18,0.0,2.2e-05
19,0.0,4e-06
20,0.0,2e-06
21,0.0,0.0
