,$P(pass)$ = 0.298,$P(fail)$ = 0.702
0,4.6e-05,0.0
1,0.000534,0.0
2,0.002942,0.0
3,0.01001,0.0
4,0.025728,0.0
5,0.052728,0.0
6,0.086492,0.0
7,0.119158,0.0
8,0.0,0.142156
9,0.0,0.144944
10,0.0,0.13083
11,0.0,0.104942
12,0.0,0.075276
13,0.0,0.048202
14,0.0,0.028572
15,0.0,0.015242
16,0.0,0.00714
17,0.0,0.003018
18,0.0,0.00128
19,0.0,0.000488
20,0.0,0.000182
21,0.0,6.2e-05
22,0.0,2e-05
23,0.0,6e-06
24,0.0,0.0
