,$P(pass)$ = 0.501,$P(fail)$ = 0.499
0,2.2e-05,0.0
1,0.000254,0.0
2,0.001664,0.0
3,0.006206,0.0
4,0.017236,0.0
5,0.038164,0.0
6,0.067168,0.0
7,0.100664,0.0
8,0.128178,0.0
9,0.14191,0.0
10,0.0,0.138476
11,0.0,0.119446
12,0.0,0.091728
13,0.0,0.063596
14,0.0,0.03999
15,0.0,0.02337
16,0.0,0.012178
17,0.0,0.005578
18,0.0,0.002564
19,0.0,0.001014
20,0.0,0.00041
21,0.0,0.00013
22,0.0,4.4e-05
23,0.0,8e-06
24,0.0,0.0
