,$P(pass)$ = 0.836,$P(fail)$ = 0.164
0,0.00826,0.0
1,0.04155,0.0
2,0.104748,0.0
3,0.168578,0.0
4,0.19663,0.0
5,0.180758,0.0
6,0.135928,0.0
7,0.0,0.08455
8,0.0,0.045192
9,0.0,0.020808
10,0.0,0.008676
11,0.0,0.002954
12,0.0,0.001012
13,0.0,0.00028
14,0.0,5.8e-05
15,0.0,1.2e-05
16,0.0,4e-06
17,0.0,0.0
