,$P(pass)$ = 0.890,$P(fail)$ = 0.110
0,0.005786,0.0
1,0.031834,0.0
2,0.084072,0.0
3,0.145786,0.0
4,0.185022,0.0
5,0.183856,0.0
6,0.151022,0.0
7,0.10286,0.0
8,0.0,0.059126
9,0.0,0.029606
10,0.0,0.013244
11,0.0,0.005232
12,0.0,0.001764
13,0.0,0.00056
14,0.0,0.000176
15,0.0,4.4e-05
16,0.0,6e-06
17,0.0,2e-06
18,0.0,0.0
