,$P(pass)$ = 0.426,$P(fail)$ = 0.574
0,0.043414,0.0
1,0.1475,0.0
2,0.235102,0.0
3,0.0,0.238688
4,0.0,0.175264
5,0.0,0.096528
6,0.0,0.042354
7,0.0,0.015148
8,0.0,0.00451
9,0.0,0.001166
10,0.0,0.00026
11,0.0,5.8e-05
12,0.0,6e-06
13,0.0,0.0
