,$P(pass)$ = 0.418,$P(fail)$ = 0.582
0,1e-05,0.0
1,0.000156,0.0
2,0.000978,0.0
3,0.003962,0.0
4,0.011604,0.0
5,0.027102,0.0
6,0.051534,0.0
7,0.080614,0.0
8,0.110074,0.0
9,0.131716,0.0
10,0.0,0.138102
11,0.0,0.127074
12,0.0,0.107036
13,0.0,0.080912
14,0.0,0.055632
15,0.0,0.034618
16,0.0,0.019558
17,0.0,0.010498
18,0.0,0.00504
19,0.0,0.002264
20,0.0,0.000966
21,0.0,0.000372
22,0.0,0.000128
23,0.0,3.6e-05
24,0.0,8e-06
25,0.0,2e-06
26,0.0,2e-06
27,0.0,0.0
