,$P(pass)$ = 0.667,$P(fail)$ = 0.333
0,0.017672,0.0
1,0.075542,0.0
2,0.156892,0.0
3,0.2114,0.0
4,0.205048,0.0
5,0.0,0.156446
6,0.0,0.095646
7,0.0,0.048916
8,0.0,0.021296
9,0.0,0.007702
10,0.0,0.002462
11,0.0,0.00074
12,0.0,0.00018
13,0.0,4e-05
14,0.0,1e-05
15,0.0,6e-06
16,0.0,0.0
