,$P(pass)$ = 0.000,$P(fail)$ = 1.000
0,0.0,0.0
1,0.0,0.0
2,0.0,0.0
3,0.0,0.0
4,0.0,0.0
5,0.0,0.0
6,0.0,0.0
7,0.0,0.0
8,0.0,5e-05
9,0.0,0.00015
10,0.0,0.00037
11,0.0,0.00124
12,0.0,0.00264
13,0.0,0.00585
14,0.0,0.01182
15,0.0,0.02021
16,0.0,0.03412
17,0.0,0.0498
18,0.0,0.06956
19,0.0,0.09009
20,0.0,0.10347
21,0.0,0.11045
22,0.0,0.11267
23,0.0,0.1002
24,0.0,0.08679
25,0.0,0.06843
26,0.0,0.04972
27,0.0,0.0344
28,0.0,0.02203
29,0.0,0.01225
30,0.0,0.00759
31,0.0,0.00315
32,0.0,0.00145
33,0.0,0.00075
34,0.0,0.00037
35,0.0,7e-05
36,0.0,5e-05
37,0.0,1e-05
38,0.0,0.0
