,$P(pass)$ = 0.392,$P(fail)$ = 0.608
0,0.12075,0.0
1,0.271364,0.0
2,0.0,0.28955
3,0.0,0.190332
4,0.0,0.087758
5,0.0,0.030276
6,0.0,0.00792
7,0.0,0.001746
8,0.0,0.000266
9,0.0,3e-05
10,0.0,6e-06
11,0.0,0.0
