,$P(pass)$ = 0.866,$P(fail)$ = 0.134
0,0.11676,0.0
1,0.267588,0.0
2,0.287382,0.0
3,0.193812,0.0
4,0.0,0.091692
5,0.0,0.031528
6,0.0,0.008894
7,0.0,0.00193
8,0.0,0.000362
9,0.0,4.4e-05
10,0.0,6e-06
11,0.0,0.0
