,$P(pass)$ = 0.016,$P(fail)$ = 0.984
0,0.00203,0.0
1,0.014094,0.0
2,0.0,0.04883
3,0.0,0.105072
4,0.0,0.160666
5,0.0,0.190346
6,0.0,0.178408
7,0.0,0.135916
8,0.0,0.085934
9,0.0,0.045718
10,0.0,0.021124
11,0.0,0.008044
12,0.0,0.002778
13,0.0,0.000752
14,0.0,0.00023
15,0.0,4.8e-05
16,0.0,8e-06
17,0.0,0.0
