,$P(pass)$ = 0.846,$P(fail)$ = 0.154
0,0.103642,0.0
1,0.251822,0.0
2,0.286186,0.0
3,0.204666,0.0
4,0.0,0.101718
5,0.0,0.038044
6,0.0,0.010934
7,0.0,0.002476
8,0.0,0.000452
9,0.0,5.4e-05
10,0.0,4e-06
11,0.0,0.0
