,$P(pass)$ = 0.180,$P(fail)$ = 0.820
0,6e-06,0.0
1,0.000118,0.0
2,0.000792,0.0
3,0.00344,0.0
4,0.010684,0.0
5,0.026498,0.0
6,0.052264,0.0
7,0.086616,0.0
8,0.0,0.118168
9,0.0,0.141018
10,0.0,0.146284
11,0.0,0.131514
12,0.0,0.10619
13,0.0,0.07491
14,0.0,0.048966
15,0.0,0.027284
16,0.0,0.014174
17,0.0,0.006522
18,0.0,0.002886
19,0.0,0.00113
20,0.0,0.000364
21,0.0,0.000116
22,0.0,3.6e-05
23,0.0,1e-05
24,0.0,6e-06
25,0.0,0.0
26,0.0,2e-06
27,0.0,0.0
