,$P(pass) = 0.980 \pm 0.00039$,$P(fail) = 0.020 \pm 0.00039$,P(X=x),err_lower,err_upper
0,0.3362378257304562,0.0,0.3362378257304562,0.0013094218830820292,0.0013094218830820292
1,0.37659140451572903,0.0,0.37659140451572903,0.0013429865246439299,0.0013429865246439299
2,0.20019198848069117,0.0,0.20019198848069117,0.0011090887041977082,0.0011090887041977082
3,0.06716597004179749,0.0,0.06716597004179749,0.000693788180000765,0.000693788180000765
4,0.0,0.016327020378777275,0.016327020378777275,0.0003512601632288982,0.0003512601632288982
5,0.0,0.0029418234905905644,0.0029418234905905644,0.00015011310764663716,0.00015011310764663716
6,0.0,0.0004959702417854929,0.0004959702417854929,6.171207437396305e-05,6.171207437396305e-05
7,0.0,4.7997120172789635e-05,4.7997120172789635e-05,1.9202033717998703e-05,1.9202033717998706e-05
8,0.0,0.0,0.0,0.0,0.0
