,$P(pass)$ = 0.017,$P(fail)$ = 0.983
0,0.0,0.0
1,0.0,0.0
2,0.0,0.0
3,3.4e-05,0.0
4,0.00012,0.0
5,0.000532,0.0
6,0.001706,0.0
7,0.004648,0.0
8,0.010354,0.0
9,0.0,0.021072
10,0.0,0.036868
11,0.0,0.058152
12,0.0,0.081242
13,0.0,0.102428
14,0.0,0.117006
15,0.0,0.121796
16,0.0,0.11438
17,0.0,0.100002
18,0.0,0.079572
19,0.0,0.058106
20,0.0,0.03914
21,0.0,0.024598
22,0.0,0.013878
23,0.0,0.007778
24,0.0,0.003714
25,0.0,0.001676
26,0.0,0.00072
27,0.0,0.000314
28,0.0,0.000108
29,0.0,3.4e-05
30,0.0,8e-06
31,0.0,1e-05
32,0.0,2e-06
33,0.0,0.0
