,$P(pass)$ = 0.626,$P(fail)$ = 0.374
0,0.037126,0.0
1,0.130328,0.0
2,0.220588,0.0
3,0.238192,0.0
4,0.0,0.184132
5,0.0,0.10929
6,0.0,0.051594
7,0.0,0.02001
8,0.0,0.006462
9,0.0,0.00175
10,0.0,0.000444
11,0.0,5.4e-05
12,0.0,2.2e-05
13,0.0,6e-06
14,0.0,0.0
