,$P(pass)$ = 0.782,$P(fail)$ = 0.218
0,0.001924,0.0
1,0.01282,0.0
2,0.042314,0.0
3,0.090898,0.0
4,0.142652,0.0
5,0.17437,0.0
6,0.174194,0.0
7,0.142718,0.0
8,0.0,0.099976
9,0.0,0.060404
10,0.0,0.032732
11,0.0,0.01512
12,0.0,0.006192
13,0.0,0.002528
14,0.0,0.000858
15,0.0,0.000226
16,0.0,5e-05
17,0.0,2.2e-05
18,0.0,0.0
