,$P(pass)$ = 0.345,$P(fail)$ = 0.655
0,0.09924,0.0
1,0.245894,0.0
2,0.0,0.288326
3,0.0,0.207764
4,0.0,0.105038
5,0.0,0.038942
6,0.0,0.011434
7,0.0,0.002794
8,0.0,0.00047
9,0.0,8.2e-05
10,0.0,1.4e-05
11,0.0,0.0
