,$P(pass)$ = 0.070,$P(fail)$ = 0.930
0,2.6e-05,0.0
1,0.000246,0.0
2,0.001748,0.0
3,0.006752,0.0
4,0.01907,0.0
5,0.042518,0.0
6,0.0,0.077572
7,0.0,0.114082
8,0.0,0.141834
9,0.0,0.15304
10,0.0,0.141172
11,0.0,0.11487
12,0.0,0.081404
13,0.0,0.051784
14,0.0,0.028712
15,0.0,0.014534
16,0.0,0.006474
17,0.0,0.00272
18,0.0,0.001004
19,0.0,0.00034
20,0.0,7.8e-05
21,0.0,1.6e-05
22,0.0,0.0
23,0.0,2e-06
24,0.0,0.0
