,$P(pass)$ = 0.001,$P(fail)$ = 0.999
0,1.2e-05,0.0
1,0.000136,0.0
2,0.001046,0.0
3,0.0,0.004622
4,0.0,0.014574
5,0.0,0.03455
6,0.0,0.067516
7,0.0,0.105854
8,0.0,0.139878
9,0.0,0.157148
10,0.0,0.149432
11,0.0,0.12506
12,0.0,0.089356
13,0.0,0.055796
14,0.0,0.03094
15,0.0,0.014684
16,0.0,0.005982
17,0.0,0.002352
18,0.0,0.00077
19,0.0,0.000218
20,0.0,5e-05
21,0.0,1.6e-05
22,0.0,4e-06
23,0.0,0.0
24,0.0,2e-06
25,0.0,0.0
