,$P(pass)$ = 0.959,$P(fail)$ = 0.041
0,0.003168,0.0
1,0.019138,0.0
2,0.057076,0.0
3,0.111886,0.0
4,0.160984,0.0
5,0.180978,0.0
6,0.165574,0.0
7,0.127604,0.0
8,0.083912,0.0
9,0.048186,0.0
10,0.0,0.024076
11,0.0,0.010682
12,0.0,0.004328
13,0.0,0.001658
14,0.0,0.000532
15,0.0,0.000142
16,0.0,6.4e-05
17,0.0,6e-06
18,0.0,4e-06
19,0.0,0.0
