,$P(pass) = 0.972 \pm 0.00046$,$P(fail) = 0.028 \pm 0.00046$,P(X=x),err_lower,err_upper
0,0.48033717976921386,0.0,0.48033717976921386,0.0013847902123275135,0.0013847902123275135
1,0.3671079735215887,0.0,0.3671079735215887,0.0013360163752659804,0.0013360163752659804
2,0.12447853128812271,0.0,0.12447853128812271,0.0009150202135581875,0.0009150202135582014
3,0.0,0.024650520968741877,0.024650520968741877,0.00042977706891780126,0.00042977706891780126
4,0.0,0.0031638101713897166,0.0031638101713897166,0.00015565646656297413,0.00015565646656297413
5,0.0,0.0002519848809071456,0.0002519848809071456,4.399289859644809e-05,4.399289859644809e-05
6,0.0,7.999520028798271e-06,7.999520028798271e-06,7.839354219302047e-06,7.839354219302047e-06
7,0.0,1.999880007199568e-06,1.999880007199568e-06,3.91968886805328e-06,3.91968886805328e-06
8,0.0,0.0,0.0,0.0,0.0
