,$P(pass)$ = 0.416,$P(fail)$ = 0.584
0,1e-05,0.0
1,0.00017,0.0
2,0.0013,0.0
3,0.00383,0.0
4,0.01136,0.0
5,0.02746,0.0
6,0.05048,0.0
7,0.07961,0.0
8,0.11012,0.0
9,0.13132,0.0
10,0.0,0.13887
11,0.0,0.12786
12,0.0,0.10624
13,0.0,0.08153
14,0.0,0.05627
15,0.0,0.03387
16,0.0,0.02035
17,0.0,0.01026
18,0.0,0.0047
19,0.0,0.00256
20,0.0,0.00092
21,0.0,0.00042
22,0.0,0.00014
23,0.0,7e-05
24,0.0,2e-05
25,0.0,1e-05
26,0.0,0.0
