,$P(pass)$ = 0.667,$P(fail)$ = 0.333
0,0.017788,0.0
1,0.07584,0.0
2,0.156692,0.0
3,0.21038,0.0
4,0.205908,0.0
5,0.0,0.156134
6,0.0,0.095912
7,0.0,0.049028
8,0.0,0.021094
9,0.0,0.00776
10,0.0,0.00257
11,0.0,0.000686
12,0.0,0.000146
13,0.0,4.4e-05
14,0.0,1.4e-05
15,0.0,2e-06
16,0.0,0.0
