,$P(pass)$ = 0.968,$P(fail)$ = 0.032
0,0.01812,0.0
1,0.07598,0.0
2,0.15807,0.0
3,0.210846,0.0
4,0.206748,0.0
5,0.154958,0.0
6,0.09444,0.0
7,0.048562,0.0
8,0.0,0.021116
9,0.0,0.007778
10,0.0,0.002428
11,0.0,0.0007
12,0.0,0.000182
13,0.0,6e-05
14,0.0,8e-06
15,0.0,2e-06
16,0.0,0.0
