,$P(pass)$ = 0.001,$P(fail)$ = 0.999
0,1.2e-05,0.0
1,5.6e-05,0.0
2,0.00046,0.0
3,0.0,0.002396
4,0.0,0.008214
5,0.0,0.021824
6,0.0,0.045826
7,0.0,0.08061
8,0.0,0.118072
9,0.0,0.146022
10,0.0,0.154684
11,0.0,0.141128
12,0.0,0.112456
13,0.0,0.077516
14,0.0,0.04656
15,0.0,0.025096
16,0.0,0.011628
17,0.0,0.004846
18,0.0,0.001816
19,0.0,0.000548
20,0.0,0.000144
21,0.0,6.8e-05
22,0.0,1.4e-05
23,0.0,2e-06
24,0.0,0.0
