,$P(pass)$ = 0.102,$P(fail)$ = 0.898
0,0.0,0.0
1,4e-06,0.0
2,2.4e-05,0.0
3,0.00018,0.0
4,0.00074,0.0
5,0.002378,0.0
6,0.00654,0.0
7,0.014366,0.0
8,0.0293,0.0
9,0.04855,0.0
10,0.0,0.072706
11,0.0,0.096776
12,0.0,0.114566
13,0.0,0.12342
14,0.0,0.1196
15,0.0,0.108112
16,0.0,0.087746
17,0.0,0.06606
18,0.0,0.044662
19,0.0,0.02904
20,0.0,0.017166
21,0.0,0.009464
22,0.0,0.00482
23,0.0,0.002178
24,0.0,0.000954
25,0.0,0.000404
26,0.0,0.000164
27,0.0,5.6e-05
28,0.0,2e-05
29,0.0,2e-06
30,0.0,0.0
