,$P(pass)$ = 0.893,$P(fail)$ = 0.107
0,0.005606,0.0
1,0.030502,0.0
2,0.082986,0.0
3,0.146612,0.0
4,0.1872,0.0
5,0.18695,0.0
6,0.151424,0.0
7,0.101792,0.0
8,0.0,0.058514
9,0.0,0.028842
10,0.0,0.012464
11,0.0,0.00473
12,0.0,0.001668
13,0.0,0.000512
14,0.0,0.000142
15,0.0,4.6e-05
16,0.0,8e-06
17,0.0,0.0
