,$P(pass)$ = 0.419,$P(fail)$ = 0.581
0,8e-06,0.0
1,0.000148,0.0
2,0.00096,0.0
3,0.00392,0.0
4,0.011708,0.0
5,0.027158,0.0
6,0.050794,0.0
7,0.08078,0.0
8,0.111762,0.0
9,0.131678,0.0
10,0.0,0.136834
11,0.0,0.128058
12,0.0,0.10647
13,0.0,0.080754
14,0.0,0.055446
15,0.0,0.034944
16,0.0,0.019612
17,0.0,0.010238
18,0.0,0.00498
19,0.0,0.002182
20,0.0,0.00099
21,0.0,0.000368
22,0.0,0.000148
23,0.0,4.4e-05
24,0.0,1.2e-05
25,0.0,0.0
26,0.0,0.0
27,0.0,2e-06
28,0.0,0.0
