,$P(pass)$ = 0.735,$P(fail)$ = 0.265
0,0.00113,0.0
1,0.00906,0.0
2,0.03248,0.0
3,0.07495,0.0
4,0.12659,0.0
5,0.16376,0.0
6,0.17378,0.0
7,0.15336,0.0
8,0.0,0.11364
9,0.0,0.07384
10,0.0,0.04168
11,0.0,0.0201
12,0.0,0.00988
13,0.0,0.0037
14,0.0,0.00116
15,0.0,0.00044
16,0.0,0.0001
17,0.0,8e-05
18,0.0,2e-05
19,0.0,0.0
