,$P(pass)$ = 0.019,$P(fail)$ = 0.981
0,4e-06,0.0
1,0.000172,0.0
2,0.001038,0.0
3,0.00468,0.0
4,0.013592,0.0
5,0.0,0.032012
6,0.0,0.060414
7,0.0,0.09448
8,0.0,0.12675
9,0.0,0.145872
10,0.0,0.144646
11,0.0,0.127256
12,0.0,0.097458
13,0.0,0.066698
14,0.0,0.041868
15,0.0,0.023118
16,0.0,0.011538
17,0.0,0.005192
18,0.0,0.002138
19,0.0,0.000734
20,0.0,0.00022
21,0.0,8e-05
22,0.0,2.8e-05
23,0.0,4e-06
24,0.0,6e-06
25,0.0,0.0
