,$P(pass)$ = 0.018,$P(fail)$ = 0.982
0,0.0,0.0
1,4e-06,0.0
2,1.4e-05,0.0
3,8.6e-05,0.0
4,0.00043,0.0
5,0.00153,0.0
6,0.004634,0.0
7,0.011554,0.0
8,0.0,0.02425
9,0.0,0.04492
10,0.0,0.070418
11,0.0,0.096694
12,0.0,0.120698
13,0.0,0.132046
14,0.0,0.129574
15,0.0,0.115
16,0.0,0.09046
17,0.0,0.064944
18,0.0,0.04232
19,0.0,0.024918
20,0.0,0.013746
21,0.0,0.006794
22,0.0,0.00303
23,0.0,0.001196
24,0.0,0.000496
25,0.0,0.00016
26,0.0,5e-05
27,0.0,2.8e-05
28,0.0,4e-06
29,0.0,0.0
