,$P(pass)$ = 0.025,$P(fail)$ = 0.975
0,8.8e-05,0.0
1,0.000932,0.0
2,0.005452,0.0
3,0.018414,0.0
4,0.0,0.044502
5,0.0,0.08664
6,0.0,0.129722
7,0.0,0.160756
8,0.0,0.16533
9,0.0,0.143908
10,0.0,0.106446
11,0.0,0.068988
12,0.0,0.038274
13,0.0,0.018288
14,0.0,0.00786
15,0.0,0.003054
16,0.0,0.000942
17,0.0,0.000322
18,0.0,6.6e-05
19,0.0,1.2e-05
20,0.0,2e-06
21,0.0,0.0
