,$P(pass)$ = 0.972,$P(fail)$ = 0.028
0,0.083196,0.0
1,0.216204,0.0
2,0.269436,0.0
3,0.218444,0.0
4,0.127394,0.0
5,0.057026,0.0
6,0.0,0.020316
7,0.0,0.00622
8,0.0,0.00137
9,0.0,0.000306
10,0.0,7.6e-05
11,0.0,6e-06
12,0.0,4e-06
13,0.0,0.0
