,$P(pass)$ = 0.505,$P(fail)$ = 0.495
0,7.8e-05,0.0
1,0.000812,0.0
2,0.004288,0.0
3,0.014142,0.0
4,0.034538,0.0
5,0.065772,0.0
6,0.102374,0.0
7,0.133336,0.0
8,0.149572,0.0
9,0.0,0.14387
10,0.0,0.122028
11,0.0,0.092576
12,0.0,0.061584
13,0.0,0.036814
14,0.0,0.020484
15,0.0,0.010092
16,0.0,0.004616
17,0.0,0.001926
18,0.0,0.000762
19,0.0,0.00022
20,0.0,7.4e-05
21,0.0,3.2e-05
22,0.0,4e-06
23,0.0,4e-06
24,0.0,0.0
