,$P(pass)$ = 0.541,$P(fail)$ = 0.459
0,0.02588,0.0
1,0.101114,0.0
2,0.187964,0.0
3,0.226272,0.0
4,0.0,0.19814
5,0.0,0.135266
6,0.0,0.073704
7,0.0,0.033228
8,0.0,0.012644
9,0.0,0.004136
10,0.0,0.001226
11,0.0,0.000316
12,0.0,9e-05
13,0.0,1.4e-05
14,0.0,4e-06
15,0.0,0.0
