,$P(pass)$ = 0.896,$P(fail)$ = 0.104
0,0.006268,0.0
1,0.03304,0.0
2,0.088196,0.0
3,0.150298,0.0
4,0.188532,0.0
5,0.184632,0.0
6,0.14644,0.0
7,0.098576,0.0
8,0.0,0.0566
9,0.0,0.02808
10,0.0,0.01225
11,0.0,0.004712
12,0.0,0.001668
13,0.0,0.000482
14,0.0,0.000174
15,0.0,4.4e-05
16,0.0,4e-06
17,0.0,2e-06
18,0.0,0.0
