,$P(pass)$ = 0.892,$P(fail)$ = 0.108
0,0.00525,0.0
1,0.03092,0.0
2,0.08069,0.0
3,0.14367,0.0
4,0.18863,0.0
5,0.18677,0.0
6,0.15217,0.0
7,0.10399,0.0
8,0.0,0.05878
9,0.0,0.02932
10,0.0,0.01266
11,0.0,0.00479
12,0.0,0.00149
13,0.0,0.00048
14,0.0,0.0001
15,0.0,3e-05
16,0.0,1e-05
17,0.0,0.0
