,$P(pass)$ = 0.299,$P(fail)$ = 0.701
0,0.081118,0.0
1,0.21814,0.0
2,0.0,0.274718
3,0.0,0.220866
4,0.0,0.125782
5,0.0,0.054148
6,0.0,0.01868
7,0.0,0.005116
8,0.0,0.001192
9,0.0,0.000204
10,0.0,3e-05
11,0.0,4e-06
12,0.0,0.0
