,$P(pass)$ = 0.103,$P(fail)$ = 0.897
0,0.0,0.0
1,0.0,0.0
2,2e-05,0.0
3,0.00017,0.0
4,0.00089,0.0
5,0.00242,0.0
6,0.00673,0.0
7,0.01557,0.0
8,0.02829,0.0
9,0.04898,0.0
10,0.0,0.07291
11,0.0,0.09649
12,0.0,0.11423
13,0.0,0.12293
14,0.0,0.12096
15,0.0,0.10497
16,0.0,0.08836
17,0.0,0.06646
18,0.0,0.04468
19,0.0,0.02885
20,0.0,0.01761
21,0.0,0.00913
22,0.0,0.00473
23,0.0,0.00266
24,0.0,0.00104
25,0.0,0.00047
26,0.0,0.00016
27,0.0,2e-05
28,0.0,2e-05
29,0.0,0.0
