,$P(pass)$ = 0.178,$P(fail)$ = 0.822
0,0.178304,0.0
1,0.0,0.325008
2,0.0,0.275766
3,0.0,0.147384
4,0.0,0.054694
5,0.0,0.015038
6,0.0,0.003134
7,0.0,0.00058
8,0.0,8.6e-05
9,0.0,2e-06
10,0.0,2e-06
11,0.0,0.0
