,$P(pass) = 0.993 \pm 0.00024$,$P(fail) = 0.007 \pm 0.00024$,P(X=x),err_lower,err_upper
0,0.8517868927864328,0.0,0.8517868927864328,0.0009848244970520614,0.0009848244970520614
1,0.14081755094694318,0.0,0.14081755094694318,0.0009640979342881162,0.0009640979342881162
2,0.0,0.007265564066156031,0.007265564066156031,0.00023539718888682722,0.00023539718888682722
3,0.0,0.00012999220046797192,0.00012999220046797192,3.1599519501278984e-05,3.1599519501278984e-05
4,0.0,0.0,0.0,0.0,0.0
