,$P(pass)$ = 0.283,$P(fail)$ = 0.717
0,5.4e-05,0.0
1,0.000476,0.0
2,0.002524,0.0
3,0.00912,0.0
4,0.02387,0.0
5,0.048876,0.0
6,0.081854,0.0
7,0.11599,0.0
8,0.0,0.138942
9,0.0,0.145486
10,0.0,0.132356
11,0.0,0.108332
12,0.0,0.079114
13,0.0,0.051794
14,0.0,0.030382
15,0.0,0.016782
16,0.0,0.008214
17,0.0,0.003498
18,0.0,0.001506
19,0.0,0.00053
20,0.0,0.000204
21,0.0,7.6e-05
22,0.0,1.4e-05
23,0.0,2e-06
24,0.0,2e-06
25,0.0,0.0
