,$P(pass)$ = 0.067,$P(fail)$ = 0.933
0,0.000514,0.0
1,0.004036,0.0
2,0.01701,0.0
3,0.04564,0.0
4,0.0,0.091242
5,0.0,0.13864
6,0.0,0.168012
7,0.0,0.169534
8,0.0,0.142026
9,0.0,0.101932
10,0.0,0.06235
11,0.0,0.033546
12,0.0,0.015796
13,0.0,0.006396
14,0.0,0.002296
15,0.0,0.000784
16,0.0,0.000174
17,0.0,5e-05
18,0.0,1e-05
19,0.0,8e-06
20,0.0,2e-06
21,0.0,0.0
