,$P(pass)$ = 0.941,$P(fail)$ = 0.059
0,0.043976,0.0
1,0.149322,0.0
2,0.238494,0.0
3,0.24184,0.0
4,0.1743,0.0
5,0.093268,0.0
6,0.0,0.040236
7,0.0,0.01355
8,0.0,0.003892
9,0.0,0.0009
10,0.0,0.000186
11,0.0,3.2e-05
12,0.0,2e-06
13,0.0,0.0
