,$P(pass)$ = 0.641,$P(fail)$ = 0.359
0,0.038232,0.0
1,0.134864,0.0
2,0.226198,0.0
3,0.24183,0.0
4,0.0,0.182572
5,0.0,0.105214
6,0.0,0.047046
7,0.0,0.017322
8,0.0,0.005208
9,0.0,0.001176
10,0.0,0.000282
11,0.0,4.4e-05
12,0.0,1e-05
13,0.0,0.0
