,$P(pass) = 0.99562 \pm 0.00018$,$P(fail) = 0.00438 \pm 0.00018$,P(X=x),err_lower,err_upper
0,0.8970021798692078,0.0,0.8970021798692078,0.0008424823793157232,0.0008424823793157232
1,0.0986200827950323,0.0,0.0986200827950323,0.0008263930967820354,0.0008263930967820354
2,0.0,0.0042857428554286744,0.0042857428554286744,0.00018106331947592615,0.00018106331947592615
3,0.0,8.999460032398056e-05,8.999460032398056e-05,2.629291538131648e-05,2.629291538131648e-05
4,0.0,1.999880007199568e-06,1.999880007199568e-06,3.91968886805328e-06,3.91968886805328e-06
5,0.0,0.0,0.0,0.0,0.0
