,$P(pass)$ = 0.424,$P(fail)$ = 0.576
0,0.003866,0.0
1,0.024202,0.0
2,0.072238,0.0
3,0.137296,0.0
4,0.186732,0.0
5,0.0,0.194472
6,0.0,0.161206
7,0.0,0.109732
8,0.0,0.062356
9,0.0,0.029414
10,0.0,0.012206
11,0.0,0.004454
12,0.0,0.001382
13,0.0,0.000346
14,0.0,7e-05
15,0.0,2.6e-05
16,0.0,0.0
