,$P(pass)$ = 0.299,$P(fail)$ = 0.701
0,4.4e-05,0.0
1,0.000542,0.0
2,0.00284,0.0
3,0.009954,0.0
4,0.025812,0.0
5,0.052768,0.0
6,0.086906,0.0
7,0.119916,0.0
8,0.0,0.141872
9,0.0,0.145854
10,0.0,0.131254
11,0.0,0.104786
12,0.0,0.074444
13,0.0,0.048012
14,0.0,0.028162
15,0.0,0.014482
16,0.0,0.00713
17,0.0,0.003184
18,0.0,0.001344
19,0.0,0.00046
20,0.0,0.000156
21,0.0,5.8e-05
22,0.0,1.2e-05
23,0.0,4e-06
24,0.0,0.0
25,0.0,0.0
26,0.0,2e-06
27,0.0,0.0
