,$P(pass)$ = 0.167,$P(fail)$ = 0.833
0,0.0,0.0
1,3.4e-05,0.0
2,0.000288,0.0
3,0.001276,0.0
4,0.004286,0.0
5,0.012092,0.0
6,0.025984,0.0
7,0.048066,0.0
8,0.074582,0.0
9,0.0,0.102668
10,0.0,0.12443
11,0.0,0.131994
12,0.0,0.127676
13,0.0,0.110466
14,0.0,0.086484
15,0.0,0.061476
16,0.0,0.039202
17,0.0,0.023968
18,0.0,0.013036
19,0.0,0.006524
20,0.0,0.00324
21,0.0,0.001374
22,0.0,0.000546
23,0.0,0.000214
24,0.0,5e-05
25,0.0,3e-05
26,0.0,8e-06
27,0.0,2e-06
28,0.0,0.0
29,0.0,2e-06
30,0.0,0.0
