,$P(pass)$ = 0.280,$P(fail)$ = 0.720
0,3e-05,0.0
1,0.00046,0.0
2,0.00224,0.0
3,0.00867,0.0
4,0.02258,0.0
5,0.04893,0.0
6,0.0814,0.0
7,0.11576,0.0
8,0.0,0.14188
9,0.0,0.14437
10,0.0,0.13087
11,0.0,0.10738
12,0.0,0.07914
13,0.0,0.05272
14,0.0,0.03191
15,0.0,0.01693
16,0.0,0.00831
17,0.0,0.00399
18,0.0,0.00139
19,0.0,0.0005
20,0.0,0.00021
21,0.0,6e-05
22,0.0,1e-05
23,0.0,1e-05
24,0.0,0.0
