,$P(pass)$ = 0.018,$P(fail)$ = 0.982
0,0.017588,0.0
1,0.0,0.080136
2,0.0,0.17111
3,0.0,0.23104
4,0.0,0.216738
5,0.0,0.151884
6,0.0,0.081422
7,0.0,0.034514
8,0.0,0.011668
9,0.0,0.003108
10,0.0,0.000668
11,0.0,0.000108
12,0.0,1e-05
13,0.0,4e-06
14,0.0,0.0
