,$P(pass)$ = 0.764,$P(fail)$ = 0.236
0,0.011956,0.0
1,0.056214,0.0
2,0.128638,0.0
3,0.190082,0.0
4,0.204276,0.0
5,0.1725,0.0
6,0.0,0.117406
7,0.0,0.06685
8,0.0,0.031914
9,0.0,0.013212
10,0.0,0.004902
11,0.0,0.00152
12,0.0,0.000412
13,0.0,9.2e-05
14,0.0,2.2e-05
15,0.0,2e-06
16,0.0,0.0
