,$P(pass)$ = 0.685,$P(fail)$ = 0.315
0,0.00096,0.0
1,0.007308,0.0
2,0.026688,0.0
3,0.063184,0.0
4,0.109978,0.0
5,0.150776,0.0
6,0.169062,0.0
7,0.157298,0.0
8,0.0,0.124252
9,0.0,0.08632
10,0.0,0.05282
11,0.0,0.02847
12,0.0,0.013684
13,0.0,0.005792
14,0.0,0.002362
15,0.0,0.000702
16,0.0,0.00022
17,0.0,9.4e-05
18,0.0,2.4e-05
19,0.0,4e-06
20,0.0,0.0
