,$P(pass)$ = 0.418,$P(fail)$ = 0.582
0,1e-05,0.0
1,0.000162,0.0
2,0.001,0.0
3,0.003912,0.0
4,0.0118,0.0
5,0.026816,0.0
6,0.050914,0.0
7,0.081324,0.0
8,0.111712,0.0
9,0.130208,0.0
10,0.0,0.13716
11,0.0,0.12811
12,0.0,0.107668
13,0.0,0.080448
14,0.0,0.05549
15,0.0,0.034418
16,0.0,0.019804
17,0.0,0.01019
18,0.0,0.005002
19,0.0,0.002276
20,0.0,0.001004
21,0.0,0.000352
22,0.0,0.000134
23,0.0,5.4e-05
24,0.0,2.2e-05
25,0.0,6e-06
26,0.0,2e-06
27,0.0,0.0
