,$P(pass)$ = 0.629,$P(fail)$ = 0.371
0,0.013986,0.0
1,0.064586,0.0
2,0.142126,0.0
3,0.200368,0.0
4,0.20816,0.0
5,0.0,0.166358
6,0.0,0.10722
7,0.0,0.057072
8,0.0,0.025578
9,0.0,0.009972
10,0.0,0.003292
11,0.0,0.000942
12,0.0,0.000256
13,0.0,6.2e-05
14,0.0,1.6e-05
15,0.0,4e-06
16,0.0,0.0
