,$P(pass)$ = 0.997,$P(fail)$ = 0.003
0,0.02234,0.0
1,0.09051,0.0
2,0.1737,0.0
3,0.22221,0.0
4,0.19995,0.0
5,0.14368,0.0
6,0.0827,0.0
7,0.03998,0.0
8,0.01615,0.0
9,0.00576,0.0
10,0.0,0.00212
11,0.0,0.00051
12,0.0,0.0001
13,0.0,3e-05
14,0.0,1e-05
15,0.0,0.0
