,$P(pass)$ = 0.059,$P(fail)$ = 0.941
0,0.0,0.0
1,1.2e-05,0.0
2,0.000114,0.0
3,0.0006,0.0
4,0.002258,0.0
5,0.006808,0.0
6,0.016214,0.0
7,0.033218,0.0
8,0.0,0.056552
9,0.0,0.0832
10,0.0,0.107926
11,0.0,0.124866
12,0.0,0.130912
13,0.0,0.12252
14,0.0,0.103304
15,0.0,0.078996
16,0.0,0.055296
17,0.0,0.035282
18,0.0,0.020762
19,0.0,0.011168
20,0.0,0.00554
21,0.0,0.002688
22,0.0,0.001072
23,0.0,0.00046
24,0.0,0.00016
25,0.0,5.8e-05
26,0.0,6e-06
27,0.0,6e-06
28,0.0,0.0
