,$P(pass)$ = 0.963,$P(fail)$ = 0.037
0,0.00727,0.0
1,0.03826,0.0
2,0.096728,0.0
3,0.16109,0.0
4,0.195276,0.0
5,0.18419,0.0
6,0.141012,0.0
7,0.08966,0.0
8,0.049526,0.0
9,0.0,0.022762
10,0.0,0.009288
11,0.0,0.003412
12,0.0,0.001106
13,0.0,0.000308
14,0.0,8.4e-05
15,0.0,2e-05
16,0.0,4e-06
17,0.0,2e-06
18,0.0,0.0
