,$P(pass)$ = 0.429,$P(fail)$ = 0.571
0,0.000164,0.0
1,0.00144,0.0
2,0.006538,0.0
3,0.02029,0.0
4,0.046636,0.0
5,0.084138,0.0
6,0.121996,0.0
7,0.147856,0.0
8,0.0,0.153466
9,0.0,0.137276
10,0.0,0.108618
11,0.0,0.075536
12,0.0,0.047176
13,0.0,0.025898
14,0.0,0.012978
15,0.0,0.006022
16,0.0,0.00258
17,0.0,0.00094
18,0.0,0.000322
19,0.0,0.0001
20,0.0,1.8e-05
21,0.0,8e-06
22,0.0,2e-06
23,0.0,0.0
