,$P(pass)$ = 0.435,$P(fail)$ = 0.565
0,9.6e-05,0.0
1,0.001124,0.0
2,0.00575,0.0
3,0.018842,0.0
4,0.045476,0.0
5,0.084112,0.0
6,0.125628,0.0
7,0.154038,0.0
8,0.0,0.159292
9,0.0,0.14097
10,0.0,0.108252
11,0.0,0.073338
12,0.0,0.042798
13,0.0,0.022684
14,0.0,0.010722
15,0.0,0.004576
16,0.0,0.001518
17,0.0,0.000548
18,0.0,0.000174
19,0.0,3.4e-05
20,0.0,2.4e-05
21,0.0,2e-06
22,0.0,0.0
