,$P(pass)$ = 0.941,$P(fail)$ = 0.059
0,0.01081,0.0
1,0.04974,0.0
2,0.12,0.0
3,0.18431,0.0
4,0.20306,0.0
5,0.17796,0.0
6,0.12254,0.0
7,0.07253,0.0
8,0.0,0.03561
9,0.0,0.01491
10,0.0,0.0055
11,0.0,0.00194
12,0.0,0.00066
13,0.0,0.00013
14,0.0,4e-05
15,0.0,1e-05
16,0.0,0.0
