,$P(pass)$ = 0.059,$P(fail)$ = 0.941
0,0.0,0.0
1,1e-05,0.0
2,0.000112,0.0
3,0.000602,0.0
4,0.002376,0.0
5,0.00677,0.0
6,0.01625,0.0
7,0.03268,0.0
8,0.0,0.05615
9,0.0,0.082732
10,0.0,0.108508
11,0.0,0.125426
12,0.0,0.130616
13,0.0,0.122298
14,0.0,0.102618
15,0.0,0.079102
16,0.0,0.055626
17,0.0,0.035688
18,0.0,0.020916
19,0.0,0.011534
20,0.0,0.005678
21,0.0,0.002534
22,0.0,0.001074
23,0.0,0.000476
24,0.0,0.000148
25,0.0,5.2e-05
26,0.0,1.4e-05
27,0.0,4e-06
28,0.0,4e-06
29,0.0,0.0
