,$P(pass)$ = 0.384,$P(fail)$ = 0.616
0,0.116874,0.0
1,0.266992,0.0
2,0.0,0.2894
3,0.0,0.193536
4,0.0,0.091658
5,0.0,0.03098
6,0.0,0.008412
7,0.0,0.001778
8,0.0,0.000312
9,0.0,5e-05
10,0.0,6e-06
11,0.0,0.0
