,$P(pass)$ = 0.042,$P(fail)$ = 0.958
0,0.001158,0.0
1,0.008546,0.0
2,0.032404,0.0
3,0.0,0.077276
4,0.0,0.131722
5,0.0,0.1745
6,0.0,0.183112
7,0.0,0.155986
8,0.0,0.110184
9,0.0,0.066652
10,0.0,0.034598
11,0.0,0.015254
12,0.0,0.005748
13,0.0,0.00203
14,0.0,0.000604
15,0.0,0.00018
16,0.0,4.2e-05
17,0.0,2e-06
18,0.0,0.0
