,$P(pass)$ = 0.223,$P(fail)$ = 0.777
0,2.6e-05,0.0
1,0.000232,0.0
2,0.001588,0.0
3,0.005886,0.0
4,0.016382,0.0
5,0.035498,0.0
6,0.065604,0.0
7,0.09753,0.0
8,0.0,0.125458
9,0.0,0.141738
10,0.0,0.139166
11,0.0,0.12075
12,0.0,0.094706
13,0.0,0.065696
14,0.0,0.04213
15,0.0,0.023956
16,0.0,0.012846
17,0.0,0.006412
18,0.0,0.002734
19,0.0,0.00112
20,0.0,0.000334
21,0.0,0.000154
22,0.0,4.2e-05
23,0.0,8e-06
24,0.0,2e-06
25,0.0,0.0
