,$P(pass)$ = 0.891,$P(fail)$ = 0.109
0,0.00531,0.0
1,0.0303,0.0
2,0.08088,0.0
3,0.14401,0.0
4,0.18681,0.0
5,0.18777,0.0
6,0.15225,0.0
7,0.10401,0.0
8,0.0,0.05898
9,0.0,0.02901
10,0.0,0.01321
11,0.0,0.00493
12,0.0,0.00168
13,0.0,0.00044
14,0.0,0.00011
15,0.0,5e-05
16,0.0,0.0
