,$P(pass)$ = 0.733,$P(fail)$ = 0.267
0,0.001306,0.0
1,0.009338,0.0
2,0.033052,0.0
3,0.075172,0.0
4,0.125746,0.0
5,0.163378,0.0
6,0.173044,0.0
7,0.152266,0.0
8,0.0,0.113984
9,0.0,0.074188
10,0.0,0.042504
11,0.0,0.020904
12,0.0,0.009346
13,0.0,0.00374
14,0.0,0.001306
15,0.0,0.000488
16,0.0,0.000158
17,0.0,6e-05
18,0.0,1e-05
19,0.0,6e-06
20,0.0,0.0
21,0.0,2e-06
22,0.0,0.0
