,$P(pass)$ = 0.504,$P(fail)$ = 0.496
0,7e-05,0.0
1,0.00088,0.0
2,0.00416,0.0
3,0.01441,0.0
4,0.03349,0.0
5,0.06647,0.0
6,0.10289,0.0
7,0.13323,0.0
8,0.14785,0.0
9,0.0,0.14491
10,0.0,0.12228
11,0.0,0.09185
12,0.0,0.06224
13,0.0,0.0378
14,0.0,0.02012
15,0.0,0.0098
16,0.0,0.00424
17,0.0,0.0019
18,0.0,0.00074
19,0.0,0.00027
20,0.0,9e-05
21,0.0,4e-05
22,0.0,1e-05
23,0.0,1e-05
24,0.0,0.0
