,$P(pass)$ = 0.418,$P(fail)$ = 0.582
0,4e-06,0.0
1,0.000146,0.0
2,0.000974,0.0
3,0.004116,0.0
4,0.011804,0.0
5,0.026568,0.0
6,0.051084,0.0
7,0.081438,0.0
8,0.110468,0.0
9,0.131464,0.0
10,0.0,0.137872
11,0.0,0.127964
12,0.0,0.106726
13,0.0,0.080178
14,0.0,0.05534
15,0.0,0.034686
16,0.0,0.020038
17,0.0,0.010476
18,0.0,0.004952
19,0.0,0.002192
20,0.0,0.000958
21,0.0,0.000344
22,0.0,0.000154
23,0.0,4e-05
24,0.0,8e-06
25,0.0,4e-06
26,0.0,0.0
