,$P(pass)$ = 0.222,$P(fail)$ = 0.778
0,1.4e-05,0.0
1,0.000234,0.0
2,0.001504,0.0
3,0.005728,0.0
4,0.015856,0.0
5,0.035938,0.0
6,0.065156,0.0
7,0.097984,0.0
8,0.0,0.12621
9,0.0,0.141378
10,0.0,0.139346
11,0.0,0.120986
12,0.0,0.094104
13,0.0,0.065518
14,0.0,0.042122
15,0.0,0.024372
16,0.0,0.012954
17,0.0,0.00612
18,0.0,0.002774
19,0.0,0.001032
20,0.0,0.000472
21,0.0,0.000128
22,0.0,4e-05
23,0.0,2.4e-05
24,0.0,2e-06
25,0.0,2e-06
26,0.0,0.0
