,$P(pass)$ = 0.998,$P(fail)$ = 0.002
0,0.023028,0.0
1,0.090456,0.0
2,0.175214,0.0
3,0.220974,0.0
4,0.201212,0.0
5,0.142504,0.0
6,0.082786,0.0
7,0.03972,0.0
8,0.016086,0.0
9,0.005576,0.0
10,0.0,0.001828
11,0.0,0.00049
12,0.0,9.4e-05
13,0.0,2.8e-05
14,0.0,2e-06
15,0.0,0.0
