,$P(pass)$ = 0.059,$P(fail)$ = 0.941
0,0.0,0.0
1,1.6e-05,0.0
2,0.000102,0.0
3,0.000688,0.0
4,0.002404,0.0
5,0.00696,0.0
6,0.016044,0.0
7,0.03294,0.0
8,0.0,0.05574
9,0.0,0.083218
10,0.0,0.108576
11,0.0,0.12578
12,0.0,0.130628
13,0.0,0.122264
14,0.0,0.10206
15,0.0,0.079566
16,0.0,0.054996
17,0.0,0.035634
18,0.0,0.02055
19,0.0,0.01158
20,0.0,0.005802
21,0.0,0.002672
22,0.0,0.001094
23,0.0,0.000452
24,0.0,0.000154
25,0.0,4.6e-05
26,0.0,2.2e-05
27,0.0,2e-06
28,0.0,6e-06
29,0.0,2e-06
30,0.0,0.0
