,$P(pass)$ = 0.017,$P(fail)$ = 0.983
0,0.0,0.0
1,0.0,0.0
2,0.0,0.0
3,1e-05,0.0
4,4e-05,0.0
5,0.000186,0.0
6,0.000602,0.0
7,0.001698,0.0
8,0.004474,0.0
9,0.010178,0.0
10,0.0,0.0201
11,0.0,0.034216
12,0.0,0.053344
13,0.0,0.074878
14,0.0,0.096018
15,0.0,0.110684
16,0.0,0.11821
17,0.0,0.113314
18,0.0,0.101702
19,0.0,0.083676
20,0.0,0.063934
21,0.0,0.04523
22,0.0,0.029836
23,0.0,0.017584
24,0.0,0.010044
25,0.0,0.005588
26,0.0,0.002474
27,0.0,0.001118
28,0.0,0.000558
29,0.0,0.000196
30,0.0,6.2e-05
31,0.0,2.4e-05
32,0.0,1.8e-05
33,0.0,2e-06
34,0.0,0.0
