,$P(pass) = 0.99256 \pm 0.00024$,$P(fail) = 0.00744 \pm 0.00024$,P(X=x),err_lower,err_upper
0,0.8527348359098454,0.0,0.8527348359098454,0.0009822161615267166,0.0009822161615267166
1,0.1398216107033578,0.0,0.1398216107033578,0.0009612392025328265,0.0009612392025328265
2,0.0,0.0073255604663720175,0.0073255604663720175,0.00023635996053658279,0.00023635996053658279
3,0.0,0.00011799292042477452,0.00011799292042477452,3.0105955285767615e-05,3.0105955285767615e-05
4,0.0,0.0,0.0,0.0,0.0
