,$P(pass)$ = 0.071,$P(fail)$ = 0.929
0,3.4e-05,0.0
1,0.000238,0.0
2,0.001716,0.0
3,0.006586,0.0
4,0.019146,0.0
5,0.042914,0.0
6,0.0,0.076512
7,0.0,0.11438
8,0.0,0.142084
9,0.0,0.15262
10,0.0,0.141962
11,0.0,0.114454
12,0.0,0.081002
13,0.0,0.051996
14,0.0,0.029016
15,0.0,0.01461
16,0.0,0.006672
17,0.0,0.002698
18,0.0,0.000938
19,0.0,0.00032
20,0.0,7.4e-05
21,0.0,2.4e-05
22,0.0,2e-06
23,0.0,0.0
