,$P(pass)$ = 0.128,$P(fail)$ = 0.872
0,1e-05,0.0
1,4e-05,0.0
2,0.00043,0.0
3,0.00232,0.0
4,0.00722,0.0
5,0.01787,0.0
6,0.03771,0.0
7,0.06268,0.0
8,0.0,0.09425
9,0.0,0.12182
10,0.0,0.13352
11,0.0,0.13469
12,0.0,0.12159
13,0.0,0.0956
14,0.0,0.06922
15,0.0,0.04528
16,0.0,0.02688
17,0.0,0.0148
18,0.0,0.00792
19,0.0,0.00344
20,0.0,0.00153
21,0.0,0.00054
22,0.0,0.00029
23,0.0,8e-05
24,0.0,2e-05
25,0.0,0.0
