,$P(pass)$ = 0.185,$P(fail)$ = 0.815
0,1.4e-05,0.0
1,0.000114,0.0
2,0.00094,0.0
3,0.004036,0.0
4,0.011786,0.0
5,0.027984,0.0
6,0.053872,0.0
7,0.086138,0.0
8,0.0,0.118074
9,0.0,0.138976
10,0.0,0.142504
11,0.0,0.13016
12,0.0,0.104634
13,0.0,0.075772
14,0.0,0.04876
15,0.0,0.02852
16,0.0,0.01515
17,0.0,0.00729
18,0.0,0.003252
19,0.0,0.001316
20,0.0,0.000492
21,0.0,0.000162
22,0.0,3.4e-05
23,0.0,1e-05
24,0.0,8e-06
25,0.0,0.0
