,$P(pass)$ = 0.998,$P(fail)$ = 0.002
0,0.022516,0.0
1,0.090492,0.0
2,0.175972,0.0
3,0.220142,0.0
4,0.201726,0.0
5,0.143566,0.0
6,0.081988,0.0
7,0.039626,0.0
8,0.01595,0.0
9,0.0057,0.0
10,0.0,0.001702
11,0.0,0.000454
12,0.0,0.000132
13,0.0,2.8e-05
14,0.0,4e-06
15,0.0,0.0
