,$P(pass)$ = 0.081,$P(fail)$ = 0.919
0,2.2e-05,0.0
1,0.000342,0.0
2,0.002064,0.0
3,0.0078,0.0
4,0.022032,0.0
5,0.04834,0.0
6,0.0,0.083498
7,0.0,0.12067
8,0.0,0.147666
9,0.0,0.152804
10,0.0,0.137818
11,0.0,0.108566
12,0.0,0.075736
13,0.0,0.046244
14,0.0,0.02534
15,0.0,0.012358
16,0.0,0.005434
17,0.0,0.002212
18,0.0,0.00074
19,0.0,0.000214
20,0.0,8.2e-05
21,0.0,1.2e-05
22,0.0,2e-06
23,0.0,2e-06
24,0.0,0.0
