,$P(pass)$ = 0.419,$P(fail)$ = 0.581
0,1e-05,0.0
1,0.00011,0.0
2,0.00087,0.0
3,0.00363,0.0
4,0.01131,0.0
5,0.02672,0.0
6,0.05007,0.0
7,0.08063,0.0
8,0.11094,0.0
9,0.13419,0.0
10,0.0,0.13943
11,0.0,0.13057
12,0.0,0.10623
13,0.0,0.08074
14,0.0,0.05455
15,0.0,0.03358
16,0.0,0.01828
17,0.0,0.00983
18,0.0,0.00487
19,0.0,0.00198
20,0.0,0.0008
21,0.0,0.00027
22,0.0,8e-05
23,0.0,4e-05
24,0.0,1e-05
25,0.0,1e-05
26,0.0,0.0
