,$P(pass)$ = 0.437,$P(fail)$ = 0.563
0,0.000136,0.0
1,0.001256,0.0
2,0.006056,0.0
3,0.019628,0.0
4,0.045464,0.0
5,0.084618,0.0
6,0.12576,0.0
7,0.153938,0.0
8,0.0,0.159542
9,0.0,0.140478
10,0.0,0.108472
11,0.0,0.07295
12,0.0,0.042776
13,0.0,0.022174
14,0.0,0.009932
15,0.0,0.004366
16,0.0,0.001618
17,0.0,0.000566
18,0.0,0.000198
19,0.0,5.2e-05
20,0.0,1.8e-05
21,0.0,0.0
