,$P(pass)$ = 0.836,$P(fail)$ = 0.164
0,0.008406,0.0
1,0.042198,0.0
2,0.104448,0.0
3,0.167458,0.0
4,0.196646,0.0
5,0.181554,0.0
6,0.135134,0.0
7,0.0,0.08556
8,0.0,0.044762
9,0.0,0.020906
10,0.0,0.008534
11,0.0,0.003082
12,0.0,0.000912
13,0.0,0.000294
14,0.0,8.2e-05
15,0.0,2.2e-05
16,0.0,0.0
