,$P(pass)$ = 0.003,$P(fail)$ = 0.997
0,0.00287,0.0
1,0.0,0.020672
2,0.0,0.067362
3,0.0,0.138684
4,0.0,0.197994
5,0.0,0.209356
6,0.0,0.169782
7,0.0,0.107288
8,0.0,0.05451
9,0.0,0.022076
10,0.0,0.007048
11,0.0,0.001944
12,0.0,0.00034
13,0.0,5.2e-05
14,0.0,1.6e-05
15,0.0,4e-06
16,0.0,0.0
