,$P(pass)$ = 0.435,$P(fail)$ = 0.565
0,0.000118,0.0
1,0.001088,0.0
2,0.005686,0.0
3,0.018822,0.0
4,0.045474,0.0
5,0.08471,0.0
6,0.124322,0.0
7,0.154652,0.0
8,0.0,0.158886
9,0.0,0.14122
10,0.0,0.10832
11,0.0,0.073434
12,0.0,0.043086
13,0.0,0.022622
14,0.0,0.010516
15,0.0,0.004478
16,0.0,0.001766
17,0.0,0.00055
18,0.0,0.000184
19,0.0,4.4e-05
20,0.0,1.4e-05
21,0.0,6e-06
22,0.0,0.0
