,$P(pass)$ = 0.024,$P(fail)$ = 0.976
0,1e-05,0.0
1,0.000186,0.0
2,0.001402,0.0
3,0.00577,0.0
4,0.017028,0.0
5,0.0,0.03901
6,0.0,0.072854
7,0.0,0.112794
8,0.0,0.143118
9,0.0,0.156034
10,0.0,0.146202
11,0.0,0.1179
12,0.0,0.083722
13,0.0,0.05173
14,0.0,0.02893
15,0.0,0.013894
16,0.0,0.005994
17,0.0,0.002308
18,0.0,0.000814
19,0.0,0.000224
20,0.0,6.6e-05
21,0.0,6e-06
22,0.0,2e-06
23,0.0,0.0
