,$P(pass)$ = 0.001,$P(fail)$ = 0.999
0,0.0,0.0
1,0.0,0.0
2,1.8e-05,0.0
3,0.000114,0.0
4,0.000592,0.0
5,0.0,0.002016
6,0.0,0.006386
7,0.0,0.015552
8,0.0,0.031438
9,0.0,0.05497
10,0.0,0.084578
11,0.0,0.111876
12,0.0,0.131712
13,0.0,0.136444
14,0.0,0.126544
15,0.0,0.10545
16,0.0,0.07797
17,0.0,0.05189
18,0.0,0.031214
19,0.0,0.017026
20,0.0,0.00831
21,0.0,0.003608
22,0.0,0.001516
23,0.0,0.000522
24,0.0,0.000172
25,0.0,6.6e-05
26,0.0,8e-06
27,0.0,6e-06
28,0.0,0.0
