,$P(pass)$ = 0.081,$P(fail)$ = 0.919
0,3.6e-05,0.0
1,0.000348,0.0
2,0.002088,0.0
3,0.007888,0.0
4,0.02228,0.0
5,0.048092,0.0
6,0.0,0.083306
7,0.0,0.12101
8,0.0,0.146564
9,0.0,0.153046
10,0.0,0.138856
11,0.0,0.108514
12,0.0,0.075474
13,0.0,0.046618
14,0.0,0.025146
15,0.0,0.012102
16,0.0,0.005416
17,0.0,0.002146
18,0.0,0.000726
19,0.0,0.000248
20,0.0,7e-05
21,0.0,2.2e-05
22,0.0,2e-06
23,0.0,0.0
