,$P(pass)$ = 0.001,$P(fail)$ = 0.999
0,4e-06,0.0
1,5.2e-05,0.0
2,0.000516,0.0
3,0.0,0.002392
4,0.0,0.00807
5,0.0,0.022196
6,0.0,0.045994
7,0.0,0.081664
8,0.0,0.118326
9,0.0,0.146074
10,0.0,0.153736
11,0.0,0.14106
12,0.0,0.111684
13,0.0,0.077594
14,0.0,0.047034
15,0.0,0.024962
16,0.0,0.011506
17,0.0,0.004782
18,0.0,0.00169
19,0.0,0.000478
20,0.0,0.000152
21,0.0,2e-05
22,0.0,1e-05
23,0.0,2e-06
24,0.0,0.0
