,$P(pass)$ = 0.505,$P(fail)$ = 0.495
0,6.6e-05,0.0
1,0.00085,0.0
2,0.004312,0.0
3,0.01404,0.0
4,0.034732,0.0
5,0.065574,0.0
6,0.102642,0.0
7,0.13417,0.0
8,0.148804,0.0
9,0.0,0.143676
10,0.0,0.122492
11,0.0,0.09109
12,0.0,0.06199
13,0.0,0.037424
14,0.0,0.020622
15,0.0,0.010178
16,0.0,0.004394
17,0.0,0.001834
18,0.0,0.00072
19,0.0,0.000272
20,0.0,9e-05
21,0.0,2e-05
22,0.0,2e-06
23,0.0,4e-06
24,0.0,0.0
