,$P(pass)$ = 0.346,$P(fail)$ = 0.654
0,0.099424,0.0
1,0.246142,0.0
2,0.0,0.287104
3,0.0,0.208048
4,0.0,0.105126
5,0.0,0.039222
6,0.0,0.011638
7,0.0,0.002758
8,0.0,0.000456
9,0.0,7.4e-05
10,0.0,4e-06
11,0.0,2e-06
12,0.0,0.0
