,$P(pass)$ = 0.541,$P(fail)$ = 0.459
0,0.025218,0.0
1,0.098782,0.0
2,0.187594,0.0
3,0.229268,0.0
4,0.0,0.20093
5,0.0,0.135374
6,0.0,0.073196
7,0.0,0.032398
8,0.0,0.012124
9,0.0,0.003822
10,0.0,0.001004
11,0.0,0.000232
12,0.0,4.6e-05
13,0.0,8e-06
14,0.0,2e-06
15,0.0,0.0
