,$P(pass)$ = 0.961,$P(fail)$ = 0.039
0,0.00306,0.0
1,0.01814,0.0
2,0.05661,0.0
3,0.11119,0.0
4,0.16181,0.0
5,0.18193,0.0
6,0.16911,0.0
7,0.12901,0.0
8,0.08205,0.0
9,0.04757,0.0
10,0.0,0.02316
11,0.0,0.01027
12,0.0,0.00385
13,0.0,0.00143
14,0.0,0.0004
15,0.0,0.0001
16,0.0,5e-05
17,0.0,1e-05
18,0.0,0.0
