,$P(pass)$ = 0.959,$P(fail)$ = 0.041
0,0.236378,0.0
1,0.359746,0.0
2,0.25339,0.0
3,0.109762,0.0
4,0.0,0.03218
5,0.0,0.007086
6,0.0,0.001248
7,0.0,0.000188
8,0.0,1.8e-05
9,0.0,2e-06
10,0.0,0.0
