,$P(pass)$ = 0.942,$P(fail)$ = 0.058
0,0.010594,0.0
1,0.05129,0.0
2,0.121084,0.0
3,0.184042,0.0
4,0.204008,0.0
5,0.176832,0.0
6,0.122224,0.0
7,0.071516,0.0
8,0.0,0.035006
9,0.0,0.015124
10,0.0,0.00563
11,0.0,0.0019
12,0.0,0.000578
13,0.0,0.00013
14,0.0,3.4e-05
15,0.0,6e-06
16,0.0,0.0
