,$P(pass)$ = 0.819,$P(fail)$ = 0.181
0,0.006686,0.0
1,0.036386,0.0
2,0.093846,0.0
3,0.158736,0.0
4,0.19341,0.0
5,0.18564,0.0
6,0.143994,0.0
7,0.0,0.09206
8,0.0,0.05047
9,0.0,0.02391
10,0.0,0.009636
11,0.0,0.003612
12,0.0,0.00117
13,0.0,0.000336
14,0.0,8.4e-05
15,0.0,2e-05
16,0.0,2e-06
17,0.0,0.0
