,$P(pass)$ = 0.818,$P(fail)$ = 0.182
0,0.006892,0.0
1,0.035614,0.0
2,0.09401,0.0
3,0.158248,0.0
4,0.19303,0.0
5,0.18634,0.0
6,0.14381,0.0
7,0.0,0.092768
8,0.0,0.05057
9,0.0,0.023792
10,0.0,0.009838
11,0.0,0.003552
12,0.0,0.001084
13,0.0,0.000332
14,0.0,9.6e-05
15,0.0,2e-05
16,0.0,2e-06
17,0.0,0.0
