,$P(pass)$ = 0.436,$P(fail)$ = 0.564
0,0.000124,0.0
1,0.001128,0.0
2,0.005762,0.0
3,0.019068,0.0
4,0.045578,0.0
5,0.084724,0.0
6,0.125742,0.0
7,0.154248,0.0
8,0.0,0.157966
9,0.0,0.141328
10,0.0,0.108684
11,0.0,0.072904
12,0.0,0.043224
13,0.0,0.022616
14,0.0,0.01035
15,0.0,0.004136
16,0.0,0.00163
17,0.0,0.000544
18,0.0,0.000186
19,0.0,4.2e-05
20,0.0,1e-05
21,0.0,2e-06
22,0.0,2e-06
23,0.0,0.0
