,$P(pass)$ = 0.180,$P(fail)$ = 0.820
0,1.6e-05,0.0
1,0.000114,0.0
2,0.0008,0.0
3,0.003414,0.0
4,0.010682,0.0
5,0.026358,0.0
6,0.052504,0.0
7,0.085626,0.0
8,0.0,0.118072
9,0.0,0.141348
10,0.0,0.145242
11,0.0,0.1321
12,0.0,0.106258
13,0.0,0.075696
14,0.0,0.048414
15,0.0,0.027988
16,0.0,0.013994
17,0.0,0.006718
18,0.0,0.002964
19,0.0,0.001148
20,0.0,0.000382
21,0.0,0.000132
22,0.0,2e-05
23,0.0,4e-06
24,0.0,4e-06
25,0.0,0.0
