,$P(pass)$ = 0.410,$P(fail)$ = 0.590
0,0.001088,0.0
1,0.008372,0.0
2,0.030508,0.0
3,0.073514,0.0
4,0.127248,0.0
5,0.168784,0.0
6,0.0,0.17989
7,0.0,0.157562
8,0.0,0.114752
9,0.0,0.071006
10,0.0,0.03853
11,0.0,0.017946
12,0.0,0.007166
13,0.0,0.002524
14,0.0,0.000808
15,0.0,0.000224
16,0.0,5.4e-05
17,0.0,1.8e-05
18,0.0,0.0
19,0.0,4e-06
20,0.0,0.0
