,$P(pass)$ = 0.924,$P(fail)$ = 0.076
0,0.00743,0.0
1,0.039808,0.0
2,0.101452,0.0
3,0.167266,0.0
4,0.200676,0.0
5,0.184216,0.0
6,0.13751,0.0
7,0.085366,0.0
8,0.0,0.04458
9,0.0,0.020268
10,0.0,0.007672
11,0.0,0.002678
12,0.0,0.00079
13,0.0,0.00022
14,0.0,5e-05
15,0.0,1.2e-05
16,0.0,2e-06
17,0.0,2e-06
18,0.0,0.0
