,$P(pass)$ = 0.347,$P(fail)$ = 0.653
0,0.099518,0.0
1,0.24709,0.0
2,0.0,0.286374
3,0.0,0.20722
4,0.0,0.10582
5,0.0,0.039338
6,0.0,0.011486
7,0.0,0.002552
8,0.0,0.000516
9,0.0,7.8e-05
10,0.0,6e-06
11,0.0,0.0
