,$P(pass)$ = 0.298,$P(fail)$ = 0.702
0,3.6e-05,0.0
1,0.000508,0.0
2,0.002804,0.0
3,0.01002,0.0
4,0.025556,0.0
5,0.052816,0.0
6,0.086454,0.0
7,0.120146,0.0
8,0.0,0.141512
9,0.0,0.145992
10,0.0,0.131306
11,0.0,0.105038
12,0.0,0.074368
13,0.0,0.048428
14,0.0,0.028138
15,0.0,0.014702
16,0.0,0.007004
17,0.0,0.00306
18,0.0,0.001342
19,0.0,0.000546
20,0.0,0.000168
21,0.0,4.2e-05
22,0.0,1.2e-05
23,0.0,0.0
