,$P(pass)$ = 0.283,$P(fail)$ = 0.717
0,2.6e-05,0.0
1,0.00044,0.0
2,0.002482,0.0
3,0.008924,0.0
4,0.024088,0.0
5,0.049404,0.0
6,0.081736,0.0
7,0.115614,0.0
8,0.0,0.138766
9,0.0,0.14573
10,0.0,0.132976
11,0.0,0.108656
12,0.0,0.078658
13,0.0,0.051244
14,0.0,0.030946
15,0.0,0.016206
16,0.0,0.008126
17,0.0,0.003616
18,0.0,0.001454
19,0.0,0.00062
20,0.0,0.000206
21,0.0,5.4e-05
22,0.0,1.8e-05
23,0.0,6e-06
24,0.0,2e-06
25,0.0,0.0
