,$P(pass)$ = 0.149,$P(fail)$ = 0.851
0,0.148942,0.0
1,0.0,0.299526
2,0.0,0.284572
3,0.0,0.169148
4,0.0,0.070014
5,0.0,0.021462
6,0.0,0.005174
7,0.0,0.00099
8,0.0,0.000142
9,0.0,2.6e-05
10,0.0,2e-06
11,0.0,0.0
