,$P(pass)$ = 0.781,$P(fail)$ = 0.219
0,0.001984,0.0
1,0.01294,0.0
2,0.04252,0.0
3,0.090926,0.0
4,0.1425,0.0
5,0.173786,0.0
6,0.173152,0.0
7,0.143296,0.0
8,0.0,0.100026
9,0.0,0.061166
10,0.0,0.032764
11,0.0,0.01519
12,0.0,0.006362
13,0.0,0.002282
14,0.0,0.000756
15,0.0,0.00026
16,0.0,6.8e-05
17,0.0,1.6e-05
18,0.0,4e-06
19,0.0,0.0
