,$P(pass)$ = 0.892,$P(fail)$ = 0.108
0,0.005364,0.0
1,0.030026,0.0
2,0.082092,0.0
3,0.144752,0.0
4,0.187194,0.0
5,0.18703,0.0
6,0.152126,0.0
7,0.102966,0.0
8,0.0,0.058926
9,0.0,0.029718
10,0.0,0.012516
11,0.0,0.004908
12,0.0,0.00167
13,0.0,0.000518
14,0.0,0.000146
15,0.0,3.4e-05
16,0.0,1e-05
17,0.0,2e-06
18,0.0,0.0
