,$P(pass)$ = 0.895,$P(fail)$ = 0.105
0,0.000974,0.0
1,0.006934,0.0
2,0.025702,0.0
3,0.06218,0.0
4,0.108428,0.0
5,0.15058,0.0
6,0.168094,0.0
7,0.158478,0.0
8,0.126174,0.0
9,0.08719,0.0
10,0.0,0.053266
11,0.0,0.028574
12,0.0,0.013852
13,0.0,0.005984
14,0.0,0.002368
15,0.0,0.000836
16,0.0,0.000266
17,0.0,9.2e-05
18,0.0,2e-05
19,0.0,6e-06
20,0.0,0.0
