,$P(pass)$ = 0.892,$P(fail)$ = 0.108
0,0.005856,0.0
1,0.031286,0.0
2,0.084112,0.0
3,0.147464,0.0
4,0.186078,0.0
5,0.185176,0.0
6,0.149474,0.0
7,0.10217,0.0
8,0.0,0.058432
9,0.0,0.029612
10,0.0,0.01282
11,0.0,0.005002
12,0.0,0.001728
13,0.0,0.00059
14,0.0,0.000146
15,0.0,4.6e-05
16,0.0,4e-06
17,0.0,2e-06
18,0.0,0.0
