,$P(pass)$ = 0.942,$P(fail)$ = 0.058
0,0.010882,0.0
1,0.05165,0.0
2,0.119936,0.0
3,0.184072,0.0
4,0.203596,0.0
5,0.176378,0.0
6,0.123914,0.0
7,0.071854,0.0
8,0.0,0.03485
9,0.0,0.015084
10,0.0,0.005388
11,0.0,0.00172
12,0.0,0.000514
13,0.0,0.000126
14,0.0,2.4e-05
15,0.0,1e-05
16,0.0,0.0
