,$P(pass)$ = 0.282,$P(fail)$ = 0.718
0,3.4e-05,0.0
1,0.000428,0.0
2,0.002562,0.0
3,0.009254,0.0
4,0.023462,0.0
5,0.049298,0.0
6,0.082184,0.0
7,0.114554,0.0
8,0.0,0.139188
9,0.0,0.14517
10,0.0,0.132624
11,0.0,0.108282
12,0.0,0.079376
13,0.0,0.052052
14,0.0,0.030892
15,0.0,0.016644
16,0.0,0.008098
17,0.0,0.003504
18,0.0,0.00153
19,0.0,0.000566
20,0.0,0.000204
21,0.0,6.4e-05
22,0.0,2.6e-05
23,0.0,2e-06
24,0.0,0.0
