,$P(pass)$ = 0.383,$P(fail)$ = 0.617
0,0.11667,0.0
1,0.26682,0.0
2,0.0,0.289044
3,0.0,0.193638
4,0.0,0.091288
5,0.0,0.031858
6,0.0,0.008576
7,0.0,0.001742
8,0.0,0.00031
9,0.0,4e-05
10,0.0,1e-05
11,0.0,2e-06
12,0.0,0.0
