,$P(pass)$ = 0.542,$P(fail)$ = 0.458
0,0.026104,0.0
1,0.10129,0.0
2,0.188712,0.0
3,0.22587,0.0
4,0.0,0.197568
5,0.0,0.13482
6,0.0,0.073622
7,0.0,0.033236
8,0.0,0.013008
9,0.0,0.004228
10,0.0,0.001194
11,0.0,0.000286
12,0.0,5.2e-05
13,0.0,8e-06
14,0.0,0.0
