,$P(pass)$ = 0.017,$P(fail)$ = 0.983
0,0.0,0.0
1,0.0,0.0
2,0.0,0.0
3,1.6e-05,0.0
4,4.2e-05,0.0
5,0.000176,0.0
6,0.00062,0.0
7,0.001836,0.0
8,0.004602,0.0
9,0.009964,0.0
10,0.0,0.019826
11,0.0,0.034448
12,0.0,0.053434
13,0.0,0.075598
14,0.0,0.09541
15,0.0,0.110592
16,0.0,0.117522
17,0.0,0.114056
18,0.0,0.102504
19,0.0,0.083358
20,0.0,0.063074
21,0.0,0.04483
22,0.0,0.029898
23,0.0,0.017834
24,0.0,0.010234
25,0.0,0.005332
26,0.0,0.002698
27,0.0,0.001218
28,0.0,0.00051
29,0.0,0.000248
30,0.0,7.6e-05
31,0.0,3.4e-05
32,0.0,6e-06
33,0.0,2e-06
34,0.0,0.0
