,$P(pass)$ = 0.353,$P(fail)$ = 0.647
0,9.8e-05,0.0
1,0.000752,0.0
2,0.004164,0.0
3,0.01412,0.0
4,0.033784,0.0
5,0.065896,0.0
6,0.101312,0.0
7,0.13288,0.0
8,0.0,0.14856
9,0.0,0.14331
10,0.0,0.12266
11,0.0,0.092604
12,0.0,0.062526
13,0.0,0.038
14,0.0,0.020678
15,0.0,0.010524
16,0.0,0.004924
17,0.0,0.002036
18,0.0,0.000782
19,0.0,0.000288
20,0.0,7.8e-05
21,0.0,1.8e-05
22,0.0,4e-06
23,0.0,0.0
