,$P(pass)$ = 0.963,$P(fail)$ = 0.037
0,0.003278,0.0
1,0.019556,0.0
2,0.059058,0.0
3,0.115256,0.0
4,0.164996,0.0
5,0.18327,0.0
6,0.16636,0.0
7,0.12514,0.0
8,0.080842,0.0
9,0.045218,0.0
10,0.0,0.022018
11,0.0,0.009644
12,0.0,0.00362
13,0.0,0.001218
14,0.0,0.000372
15,0.0,0.000112
16,0.0,3.6e-05
17,0.0,0.0
18,0.0,2e-06
19,0.0,2e-06
20,0.0,0.0
