,$P(pass)$ = 0.000,$P(fail)$ = 1.000
0,0.0,0.0
1,0.0,0.0
2,8e-06,0.0
3,3.8e-05,0.0
4,0.000338,0.0
5,0.0,0.001284
6,0.0,0.003992
7,0.0,0.01036
8,0.0,0.022324
9,0.0,0.04168
10,0.0,0.068456
11,0.0,0.097404
12,0.0,0.121158
13,0.0,0.135256
14,0.0,0.13282
15,0.0,0.117318
16,0.0,0.09237
17,0.0,0.065872
18,0.0,0.042216
19,0.0,0.024534
20,0.0,0.012848
21,0.0,0.00599
22,0.0,0.002316
23,0.0,0.000926
24,0.0,0.000334
25,0.0,0.000118
26,0.0,3.2e-05
27,0.0,2e-06
28,0.0,4e-06
29,0.0,0.0
