,$P(pass)$ = 0.150,$P(fail)$ = 0.850
0,0.149746,0.0
1,0.0,0.300578
2,0.0,0.2846
3,0.0,0.167636
4,0.0,0.069228
5,0.0,0.021746
6,0.0,0.005258
7,0.0,0.001054
8,0.0,0.000144
9,0.0,6e-06
10,0.0,2e-06
11,0.0,0.0
