,$P(pass)$ = 0.924,$P(fail)$ = 0.076
0,0.00751,0.0
1,0.039932,0.0
2,0.10188,0.0
3,0.167348,0.0
4,0.200652,0.0
5,0.185368,0.0
6,0.136798,0.0
7,0.084584,0.0
8,0.0,0.044642
9,0.0,0.019648
10,0.0,0.007924
11,0.0,0.002582
12,0.0,0.000808
13,0.0,0.000242
14,0.0,5e-05
15,0.0,2e-05
16,0.0,8e-06
17,0.0,2e-06
18,0.0,0.0
