,$P(pass)$ = 0.127,$P(fail)$ = 0.873
0,4e-06,0.0
1,7.8e-05,0.0
2,0.000488,0.0
3,0.00207,0.0
4,0.00691,0.0
5,0.017324,0.0
6,0.036512,0.0
7,0.063564,0.0
8,0.0,0.094152
9,0.0,0.119954
10,0.0,0.135712
11,0.0,0.13581
12,0.0,0.120016
13,0.0,0.096512
14,0.0,0.069898
15,0.0,0.045688
16,0.0,0.02747
17,0.0,0.014834
18,0.0,0.007266
19,0.0,0.00332
20,0.0,0.001482
21,0.0,0.00056
22,0.0,0.000236
23,0.0,9.8e-05
24,0.0,2.8e-05
25,0.0,6e-06
26,0.0,6e-06
27,0.0,0.0
