,$P(pass)$ = 0.394,$P(fail)$ = 0.606
0,0.121256,0.0
1,0.27284,0.0
2,0.0,0.287328
3,0.0,0.190834
4,0.0,0.087468
5,0.0,0.030108
6,0.0,0.008128
7,0.0,0.001706
8,0.0,0.000288
9,0.0,3.8e-05
10,0.0,4e-06
11,0.0,0.0
