,$P(pass)$ = 0.001,$P(fail)$ = 0.999
0,2e-06,0.0
1,8.6e-05,0.0
2,0.000492,0.0
3,0.0,0.002308
4,0.0,0.007826
5,0.0,0.02177
6,0.0,0.04646
7,0.0,0.081036
8,0.0,0.11883
9,0.0,0.146938
10,0.0,0.155038
11,0.0,0.14015
12,0.0,0.111308
13,0.0,0.076888
14,0.0,0.047102
15,0.0,0.02454
16,0.0,0.011762
17,0.0,0.004874
18,0.0,0.001814
19,0.0,0.000578
20,0.0,0.000152
21,0.0,4e-05
22,0.0,4e-06
23,0.0,0.0
