,$P(pass)$ = 0.962,$P(fail)$ = 0.038
0,0.003114,0.0
1,0.019542,0.0
2,0.058906,0.0
3,0.115164,0.0
4,0.164172,0.0
5,0.183074,0.0
6,0.16669,0.0
7,0.125868,0.0
8,0.080688,0.0
9,0.045242,0.0
10,0.0,0.022336
11,0.0,0.009702
12,0.0,0.003696
13,0.0,0.00126
14,0.0,0.000368
15,0.0,0.000126
16,0.0,4.4e-05
17,0.0,6e-06
18,0.0,0.0
