,$P(pass)$ = 0.499,$P(fail)$ = 0.501
0,8e-05,0.0
1,0.00068,0.0
2,0.00399,0.0
3,0.01353,0.0
4,0.0333,0.0
5,0.06444,0.0
6,0.10136,0.0
7,0.1329,0.0
8,0.14831,0.0
9,0.0,0.1433
10,0.0,0.12303
11,0.0,0.09378
12,0.0,0.06254
13,0.0,0.03788
14,0.0,0.02163
15,0.0,0.01113
16,0.0,0.00491
17,0.0,0.00193
18,0.0,0.00073
19,0.0,0.00021
20,0.0,6e-05
21,0.0,3e-05
22,0.0,0.0
