,$P(pass)$ = 0.836,$P(fail)$ = 0.164
0,0.008282,0.0
1,0.041804,0.0
2,0.10292,0.0
3,0.167224,0.0
4,0.196184,0.0
5,0.18249,0.0
6,0.136968,0.0
7,0.0,0.084948
8,0.0,0.045504
9,0.0,0.020884
10,0.0,0.008532
11,0.0,0.00305
12,0.0,0.000906
13,0.0,0.000228
14,0.0,5.2e-05
15,0.0,1.8e-05
16,0.0,4e-06
17,0.0,0.0
