,$P(pass)$ = 0.101,$P(fail)$ = 0.899
0,1.2e-05,0.0
1,0.000172,0.0
2,0.000954,0.0
3,0.004186,0.0
4,0.01233,0.0
5,0.028974,0.0
6,0.054256,0.0
7,0.0,0.086834
8,0.0,0.117092
9,0.0,0.138038
10,0.0,0.140734
11,0.0,0.128114
12,0.0,0.1036
13,0.0,0.075674
14,0.0,0.050008
15,0.0,0.029308
16,0.0,0.01598
17,0.0,0.007954
18,0.0,0.003474
19,0.0,0.001496
20,0.0,0.000532
21,0.0,0.000182
22,0.0,6.2e-05
23,0.0,2.2e-05
24,0.0,8e-06
25,0.0,2e-06
26,0.0,0.0
