,$P(pass)$ = 0.000,$P(fail)$ = 1.000
0,0.0,0.0
1,0.0,0.0
2,0.0,0.0
3,0.0,0.0
4,0.0,0.0
5,0.0,0.0
6,0.0,0.0
7,0.0,0.0
8,0.0,0.0
9,0.0,0.0
10,0.0,0.0
11,0.0,0.0
12,0.0,0.0
13,0.0,8e-06
14,0.0,1.4e-05
15,0.0,4.6e-05
16,0.0,0.000134
17,0.0,0.000354
18,0.0,0.000772
19,0.0,0.001644
20,0.0,0.003534
21,0.0,0.006854
22,0.0,0.011902
23,0.0,0.0201
24,0.0,0.030934
25,0.0,0.044746
26,0.0,0.060738
27,0.0,0.076058
28,0.0,0.090498
29,0.0,0.099734
30,0.0,0.103878
31,0.0,0.100142
32,0.0,0.090132
33,0.0,0.07582
34,0.0,0.06064
35,0.0,0.045142
36,0.0,0.030582
37,0.0,0.02048
38,0.0,0.011886
39,0.0,0.006786
40,0.0,0.003494
41,0.0,0.001646
42,0.0,0.0008
43,0.0,0.000342
44,0.0,0.00011
45,0.0,2.6e-05
46,0.0,1.2e-05
47,0.0,1e-05
48,0.0,0.0
