,$P(pass)$ = 0.488,$P(fail)$ = 0.512
0,0.0561,0.0
1,0.17575,0.0
2,0.25645,0.0
3,0.0,0.238804
4,0.0,0.155226
5,0.0,0.076964
6,0.0,0.02881
7,0.0,0.00901
8,0.0,0.002274
9,0.0,0.000496
10,0.0,0.000102
11,0.0,8e-06
12,0.0,4e-06
13,0.0,0.0
