,$P(pass)$ = 0.925,$P(fail)$ = 0.075
0,0.007626,0.0
1,0.039988,0.0
2,0.101528,0.0
3,0.168294,0.0
4,0.19992,0.0
5,0.184962,0.0
6,0.137078,0.0
7,0.085238,0.0
8,0.0,0.044464
9,0.0,0.019678
10,0.0,0.00758
11,0.0,0.002482
12,0.0,0.000882
13,0.0,0.000212
14,0.0,5.4e-05
15,0.0,1e-05
16,0.0,2e-06
17,0.0,0.0
