,$P(pass)$ = 0.176,$P(fail)$ = 0.824
0,8e-06,0.0
1,0.000102,0.0
2,0.00074,0.0
3,0.003348,0.0
4,0.010314,0.0
5,0.02562,0.0
6,0.05164,0.0
7,0.084674,0.0
8,0.0,0.116648
9,0.0,0.140514
10,0.0,0.145628
11,0.0,0.133254
12,0.0,0.107184
13,0.0,0.077096
14,0.0,0.048648
15,0.0,0.02833
16,0.0,0.014748
17,0.0,0.006926
18,0.0,0.002958
19,0.0,0.001116
20,0.0,0.00038
21,0.0,9e-05
22,0.0,2.4e-05
23,0.0,6e-06
24,0.0,2e-06
25,0.0,0.0
