,$P(pass)$ = 0.001,$P(fail)$ = 0.999
0,8e-06,0.0
1,0.00015,0.0
2,0.00102,0.0
3,0.0,0.004638
4,0.0,0.014546
5,0.0,0.034832
6,0.0,0.06722
7,0.0,0.107102
8,0.0,0.139686
9,0.0,0.156542
10,0.0,0.150222
11,0.0,0.123918
12,0.0,0.088696
13,0.0,0.055992
14,0.0,0.030974
15,0.0,0.014912
16,0.0,0.006268
17,0.0,0.002174
18,0.0,0.000776
19,0.0,0.000246
20,0.0,6.6e-05
21,0.0,6e-06
22,0.0,2e-06
23,0.0,2e-06
24,0.0,0.0
