,$P(pass)$ = 0.892,$P(fail)$ = 0.108
0,0.005582,0.0
1,0.029684,0.0
2,0.081636,0.0
3,0.145414,0.0
4,0.18734,0.0
5,0.18708,0.0
6,0.152618,0.0
7,0.102898,0.0
8,0.0,0.05898
9,0.0,0.029402
10,0.0,0.01241
11,0.0,0.004716
12,0.0,0.001574
13,0.0,0.00047
14,0.0,0.000146
15,0.0,2.6e-05
16,0.0,1.8e-05
17,0.0,4e-06
18,0.0,0.0
