,$P(pass)$ = 0.000,$P(fail)$ = 1.000
0,0.0,0.0
1,0.0,0.0
2,2.6e-05,0.0
3,0.000138,0.0
4,0.0,0.000548
5,0.0,0.001974
6,0.0,0.006
7,0.0,0.014704
8,0.0,0.030468
9,0.0,0.054074
10,0.0,0.08322
11,0.0,0.11208
12,0.0,0.133332
13,0.0,0.139468
14,0.0,0.12918
15,0.0,0.106202
16,0.0,0.078078
17,0.0,0.05137
18,0.0,0.030488
19,0.0,0.015942
20,0.0,0.007606
21,0.0,0.003278
22,0.0,0.001274
23,0.0,0.000386
24,0.0,0.000132
25,0.0,2.6e-05
26,0.0,4e-06
27,0.0,0.0
