,$P(pass)$ = 0.629,$P(fail)$ = 0.371
0,0.01387,0.0
1,0.06284,0.0
2,0.1422,0.0
3,0.20105,0.0
4,0.20907,0.0
5,0.0,0.16658
6,0.0,0.10707
7,0.0,0.05689
8,0.0,0.02581
9,0.0,0.01019
10,0.0,0.00307
11,0.0,0.00083
12,0.0,0.00022
13,0.0,4e-05
14,0.0,2e-05
15,0.0,0.0
