,$P(pass)$ = 0.003,$P(fail)$ = 0.997
0,0.00285,0.0
1,0.0,0.02052
2,0.0,0.067316
3,0.0,0.138546
4,0.0,0.198418
5,0.0,0.209008
6,0.0,0.169774
7,0.0,0.107906
8,0.0,0.05393
9,0.0,0.021864
10,0.0,0.007542
11,0.0,0.001868
12,0.0,0.000376
13,0.0,6.8e-05
14,0.0,1e-05
15,0.0,2e-06
16,0.0,0.0
