,$P(pass)$ = 0.346,$P(fail)$ = 0.654
0,0.098538,0.0
1,0.247662,0.0
2,0.0,0.287622
3,0.0,0.207132
4,0.0,0.104696
5,0.0,0.039634
6,0.0,0.011596
7,0.0,0.002542
8,0.0,0.000482
9,0.0,8.4e-05
10,0.0,1e-05
11,0.0,0.0
