,$P(pass)$ = 0.001,$P(fail)$ = 0.999
0,1.4e-05,0.0
1,0.00015,0.0
2,0.000998,0.0
3,0.0,0.004628
4,0.0,0.014442
5,0.0,0.03477
6,0.0,0.06723
7,0.0,0.106394
8,0.0,0.140104
9,0.0,0.157062
10,0.0,0.149488
11,0.0,0.123352
12,0.0,0.08974
13,0.0,0.056246
14,0.0,0.030892
15,0.0,0.014704
16,0.0,0.006506
17,0.0,0.00227
18,0.0,0.00071
19,0.0,0.000224
20,0.0,6e-05
21,0.0,8e-06
22,0.0,2e-06
23,0.0,4e-06
24,0.0,0.0
