,$P(pass)$ = 0.000,$P(fail)$ = 1.000
0,0.0,0.0
1,0.0,0.0
2,2e-05,0.0
3,8.8e-05,0.0
4,0.000318,0.0
5,0.0,0.001214
6,0.0,0.00406
7,0.0,0.010266
8,0.0,0.022664
9,0.0,0.042032
10,0.0,0.068284
11,0.0,0.097274
12,0.0,0.121016
13,0.0,0.134448
14,0.0,0.132822
15,0.0,0.117728
16,0.0,0.092692
17,0.0,0.066288
18,0.0,0.04182
19,0.0,0.024108
20,0.0,0.012742
21,0.0,0.005962
22,0.0,0.002548
23,0.0,0.001112
24,0.0,0.000352
25,0.0,0.0001
26,0.0,3.2e-05
27,0.0,4e-06
28,0.0,0.0
29,0.0,4e-06
30,0.0,0.0
