,$P(pass)$ = 0.685,$P(fail)$ = 0.315
0,0.000962,0.0
1,0.007212,0.0
2,0.026082,0.0
3,0.063012,0.0
4,0.110506,0.0
5,0.150846,0.0
6,0.168626,0.0
7,0.157256,0.0
8,0.0,0.125348
9,0.0,0.087024
10,0.0,0.05243
11,0.0,0.028394
12,0.0,0.013394
13,0.0,0.005646
14,0.0,0.002194
15,0.0,0.000738
16,0.0,0.000226
17,0.0,6.6e-05
18,0.0,3e-05
19,0.0,2e-06
20,0.0,4e-06
21,0.0,0.0
