,$P(pass)$ = 0.434,$P(fail)$ = 0.566
0,0.000102,0.0
1,0.001096,0.0
2,0.005792,0.0
3,0.018834,0.0
4,0.045906,0.0
5,0.084356,0.0
6,0.125442,0.0
7,0.152806,0.0
8,0.0,0.159234
9,0.0,0.142086
10,0.0,0.107652
11,0.0,0.0732
12,0.0,0.042722
13,0.0,0.023054
14,0.0,0.01069
15,0.0,0.004514
16,0.0,0.001698
17,0.0,0.00057
18,0.0,0.000202
19,0.0,3.2e-05
20,0.0,1e-05
21,0.0,0.0
