,$P(pass)$ = 0.941,$P(fail)$ = 0.059
0,0.044036,0.0
1,0.14887,0.0
2,0.239732,0.0
3,0.241386,0.0
4,0.17325,0.0
5,0.093956,0.0
6,0.0,0.03999
7,0.0,0.013672
8,0.0,0.00393
9,0.0,0.00098
10,0.0,0.000166
11,0.0,2.4e-05
12,0.0,6e-06
13,0.0,0.0
