,$P(pass)$ = 0.177,$P(fail)$ = 0.823
0,0.176836,0.0
1,0.0,0.324978
2,0.0,0.27755
3,0.0,0.148442
4,0.0,0.053806
5,0.0,0.014738
6,0.0,0.003058
7,0.0,0.000492
8,0.0,8.4e-05
9,0.0,1.4e-05
10,0.0,0.0
