,$P(pass)$ = 0.346,$P(fail)$ = 0.654
0,0.09923,0.0
1,0.247236,0.0
2,0.0,0.286562
3,0.0,0.207956
4,0.0,0.104728
5,0.0,0.0396
6,0.0,0.011404
7,0.0,0.002708
8,0.0,0.00051
9,0.0,5e-05
10,0.0,1.2e-05
11,0.0,2e-06
12,0.0,0.0
