,$P(pass)$ = 0.000,$P(fail)$ = 1.000
0,0.0,0.0
1,0.0,0.0
2,0.0,0.0
3,0.0,0.0
4,0.0,0.0
5,0.0,0.0
6,0.0,0.0
7,0.0,0.0
8,0.0,0.0
9,0.0,0.0
10,0.0,0.0
11,0.0,0.0
12,0.0,0.0
13,0.0,4e-06
14,0.0,1.6e-05
15,0.0,3.8e-05
16,0.0,0.000148
17,0.0,0.000292
18,0.0,0.000842
19,0.0,0.00172
20,0.0,0.003458
21,0.0,0.00675
22,0.0,0.011942
23,0.0,0.02004
24,0.0,0.031536
25,0.0,0.045182
26,0.0,0.061142
27,0.0,0.077062
28,0.0,0.08979
29,0.0,0.099012
30,0.0,0.103204
31,0.0,0.098264
32,0.0,0.09007
33,0.0,0.07669
34,0.0,0.060282
35,0.0,0.045142
36,0.0,0.030908
37,0.0,0.02033
38,0.0,0.0126
39,0.0,0.006848
40,0.0,0.003656
41,0.0,0.001758
42,0.0,0.000768
43,0.0,0.000332
44,0.0,0.000116
45,0.0,3.4e-05
46,0.0,1.6e-05
47,0.0,4e-06
48,0.0,2e-06
49,0.0,0.0
