,$P(pass)$ = 0.818,$P(fail)$ = 0.182
0,0.006794,0.0
1,0.035962,0.0
2,0.093454,0.0
3,0.158404,0.0
4,0.194458,0.0
5,0.186142,0.0
6,0.142778,0.0
7,0.0,0.092302
8,0.0,0.05116
9,0.0,0.02386
10,0.0,0.00945
11,0.0,0.0036
12,0.0,0.001166
13,0.0,0.000364
14,0.0,7.6e-05
15,0.0,2.6e-05
16,0.0,0.0
17,0.0,2e-06
18,0.0,0.0
