,$P(pass)$ = 0.151,$P(fail)$ = 0.849
0,0.15069,0.0
1,0.0,0.300616
2,0.0,0.283934
3,0.0,0.167786
4,0.0,0.069494
5,0.0,0.021142
6,0.0,0.0052
7,0.0,0.000988
8,0.0,0.00013
9,0.0,1.6e-05
10,0.0,2e-06
11,0.0,0.0
