,$P(pass)$ = 0.408,$P(fail)$ = 0.592
0,0.001022,0.0
1,0.008108,0.0
2,0.03067,0.0
3,0.073006,0.0
4,0.127162,0.0
5,0.168418,0.0
6,0.0,0.179948
7,0.0,0.156266
8,0.0,0.115374
9,0.0,0.072408
10,0.0,0.038636
11,0.0,0.018022
12,0.0,0.007386
13,0.0,0.002418
14,0.0,0.000874
15,0.0,0.000206
16,0.0,5.6e-05
17,0.0,1.6e-05
18,0.0,2e-06
19,0.0,0.0
