,$P(pass)$ = 0.509,$P(fail)$ = 0.491
0,0.021194,0.0
1,0.08874,0.0
2,0.174786,0.0
3,0.224268,0.0
4,0.0,0.204984
5,0.0,0.145108
6,0.0,0.081488
7,0.0,0.038046
8,0.0,0.014714
9,0.0,0.004774
10,0.0,0.001438
11,0.0,0.000366
12,0.0,8.4e-05
13,0.0,6e-06
14,0.0,2e-06
15,0.0,0.0
