,$P(pass)$ = 0.001,$P(fail)$ = 0.999
0,8e-06,0.0
1,6.2e-05,0.0
2,0.000484,0.0
3,0.0,0.002344
4,0.0,0.008252
5,0.0,0.021604
6,0.0,0.046846
7,0.0,0.080402
8,0.0,0.118734
9,0.0,0.145508
10,0.0,0.154794
11,0.0,0.140748
12,0.0,0.111384
13,0.0,0.077202
14,0.0,0.047582
15,0.0,0.025068
16,0.0,0.011748
17,0.0,0.00481
18,0.0,0.001676
19,0.0,0.000544
20,0.0,0.000158
21,0.0,3.6e-05
22,0.0,2e-06
23,0.0,2e-06
24,0.0,0.0
