,$P(pass)$ = 0.281,$P(fail)$ = 0.719
0,0.074904,0.0
1,0.206108,0.0
2,0.0,0.268938
3,0.0,0.224078
4,0.0,0.133778
5,0.0,0.061282
6,0.0,0.02215
7,0.0,0.006706
8,0.0,0.001654
9,0.0,0.000332
10,0.0,5.4e-05
11,0.0,1.2e-05
12,0.0,2e-06
13,0.0,0.0
