,$P(pass)$ = 0.505,$P(fail)$ = 0.495
0,7e-05,0.0
1,0.00084,0.0
2,0.00414,0.0
3,0.01429,0.0
4,0.03411,0.0
5,0.06608,0.0
6,0.10115,0.0
7,0.13553,0.0
8,0.14856,0.0
9,0.0,0.1453
10,0.0,0.12072
11,0.0,0.09178
12,0.0,0.0617
13,0.0,0.03649
14,0.0,0.02097
15,0.0,0.01028
16,0.0,0.00472
17,0.0,0.00188
18,0.0,0.00075
19,0.0,0.00029
20,0.0,7e-05
21,0.0,2e-05
22,0.0,1e-05
23,0.0,0.0
