,$P(pass)$ = 0.180,$P(fail)$ = 0.820
0,0.18008,0.0
1,0.0,0.324512
2,0.0,0.275184
3,0.0,0.146894
4,0.0,0.053824
5,0.0,0.015648
6,0.0,0.00323
7,0.0,0.000548
8,0.0,6.6e-05
9,0.0,1.2e-05
10,0.0,0.0
