,$P(pass)$ = 0.418,$P(fail)$ = 0.582
0,6e-06,0.0
1,0.000172,0.0
2,0.000982,0.0
3,0.004098,0.0
4,0.011796,0.0
5,0.027114,0.0
6,0.051164,0.0
7,0.081068,0.0
8,0.11083,0.0
9,0.131132,0.0
10,0.0,0.13691
11,0.0,0.128798
12,0.0,0.107002
13,0.0,0.08112
14,0.0,0.05484
15,0.0,0.0342
16,0.0,0.019564
17,0.0,0.010502
18,0.0,0.005048
19,0.0,0.002282
20,0.0,0.000846
21,0.0,0.00035
22,0.0,0.000122
23,0.0,3.4e-05
24,0.0,1.8e-05
25,0.0,0.0
