,$P(pass)$ = 0.956,$P(fail)$ = 0.044
0,0.01378,0.0
1,0.0655,0.0
2,0.13994,0.0
3,0.19754,0.0
4,0.20612,0.0
5,0.16435,0.0
6,0.10951,0.0
7,0.05916,0.0
8,0.0,0.0271
9,0.0,0.01147
10,0.0,0.00389
11,0.0,0.00105
12,0.0,0.00025
13,0.0,8e-05
14,0.0,1e-05
15,0.0,0.0
