,$P(pass)$ = 0.000,$P(fail)$ = 1.000
0,0.0,0.0
1,0.0,0.0
2,6e-06,0.0
3,6.4e-05,0.0
4,0.000398,0.0
5,0.0,0.001248
6,0.0,0.004004
7,0.0,0.01036
8,0.0,0.022174
9,0.0,0.042266
10,0.0,0.068332
11,0.0,0.096848
12,0.0,0.122554
13,0.0,0.134062
14,0.0,0.132582
15,0.0,0.116806
16,0.0,0.09238
17,0.0,0.066214
18,0.0,0.04248
19,0.0,0.02441
20,0.0,0.01282
21,0.0,0.00594
22,0.0,0.002584
23,0.0,0.000984
24,0.0,0.00033
25,0.0,0.000108
26,0.0,3.8e-05
27,0.0,4e-06
28,0.0,2e-06
29,0.0,0.0
