,$P(pass)$ = 0.940,$P(fail)$ = 0.060
0,0.018784,0.0
1,0.081936,0.0
2,0.171052,0.0
3,0.223388,0.0
4,0.210368,0.0
5,0.149884,0.0
6,0.084772,0.0
7,0.0,0.038534
8,0.0,0.014968
9,0.0,0.004688
10,0.0,0.001282
11,0.0,0.00029
12,0.0,4.4e-05
13,0.0,8e-06
14,0.0,0.0
