,$P(pass)$ = 0.017,$P(fail)$ = 0.983
0,0.017372,0.0
1,0.0,0.079474
2,0.0,0.1715
3,0.0,0.231174
4,0.0,0.216602
5,0.0,0.151936
6,0.0,0.08142
7,0.0,0.034658
8,0.0,0.01181
9,0.0,0.00324
10,0.0,0.000672
11,0.0,0.00012
12,0.0,2e-05
13,0.0,0.0
