,$P(pass)$ = 0.298,$P(fail)$ = 0.702
0,5.2e-05,0.0
1,0.000518,0.0
2,0.002814,0.0
3,0.00993,0.0
4,0.02595,0.0
5,0.052374,0.0
6,0.08658,0.0
7,0.119982,0.0
8,0.0,0.141632
9,0.0,0.145924
10,0.0,0.131382
11,0.0,0.10551
12,0.0,0.074862
13,0.0,0.048206
14,0.0,0.027808
15,0.0,0.014466
16,0.0,0.00701
17,0.0,0.002998
18,0.0,0.00129
19,0.0,0.000478
20,0.0,0.000162
21,0.0,5.8e-05
22,0.0,8e-06
23,0.0,4e-06
24,0.0,0.0
