,$P(pass)$ = 0.505,$P(fail)$ = 0.495
0,0.00012,0.0
1,0.0009,0.0
2,0.00406,0.0
3,0.01406,0.0
4,0.03452,0.0
5,0.06599,0.0
6,0.10329,0.0
7,0.13436,0.0
8,0.14782,0.0
9,0.0,0.14202
10,0.0,0.12171
11,0.0,0.092
12,0.0,0.06204
13,0.0,0.03768
14,0.0,0.02087
15,0.0,0.0105
16,0.0,0.00469
17,0.0,0.00203
18,0.0,0.00073
19,0.0,0.00029
20,0.0,4e-05
21,0.0,3e-05
22,0.0,0.0
