,$P(pass)$ = 0.038,$P(fail)$ = 0.962
0,0.000216,0.0
1,0.001934,0.0
2,0.00896,0.0
3,0.027022,0.0
4,0.0,0.059868
5,0.0,0.101644
6,0.0,0.140154
7,0.0,0.161132
8,0.0,0.156114
9,0.0,0.129136
10,0.0,0.093512
11,0.0,0.059342
12,0.0,0.033314
13,0.0,0.01621
14,0.0,0.007226
15,0.0,0.00283
16,0.0,0.000968
17,0.0,0.00029
18,0.0,9.6e-05
19,0.0,2.4e-05
20,0.0,4e-06
21,0.0,2e-06
22,0.0,0.0
