,$P(pass)$ = 0.127,$P(fail)$ = 0.873
0,0.0,0.0
1,7e-05,0.0
2,0.00044,0.0
3,0.00214,0.0
4,0.00699,0.0
5,0.01739,0.0
6,0.03694,0.0
7,0.06308,0.0
8,0.0,0.09341
9,0.0,0.12005
10,0.0,0.13595
11,0.0,0.13565
12,0.0,0.12134
13,0.0,0.0943
14,0.0,0.06934
15,0.0,0.04628
16,0.0,0.02759
17,0.0,0.01542
18,0.0,0.00755
19,0.0,0.00351
20,0.0,0.00123
21,0.0,0.00077
22,0.0,0.00022
23,0.0,8e-05
24,0.0,1e-05
25,0.0,0.0
