,$P(pass)$ = 0.018,$P(fail)$ = 0.982
0,0.0,0.0
1,6e-06,0.0
2,5.4e-05,0.0
3,0.00037,0.0
4,0.001544,0.0
5,0.004636,0.0
6,0.011756,0.0
7,0.0,0.025232
8,0.0,0.04595
9,0.0,0.072304
10,0.0,0.098528
11,0.0,0.121096
12,0.0,0.131518
13,0.0,0.128144
14,0.0,0.112582
15,0.0,0.088528
16,0.0,0.064104
17,0.0,0.042356
18,0.0,0.025104
19,0.0,0.013682
20,0.0,0.006934
21,0.0,0.003268
22,0.0,0.001438
23,0.0,0.000552
24,0.0,0.0002
25,0.0,7e-05
26,0.0,3.2e-05
27,0.0,8e-06
28,0.0,2e-06
29,0.0,0.0
