,$P(pass)$ = 0.969,$P(fail)$ = 0.031
0,0.038732,0.0
1,0.132858,0.0
2,0.219122,0.0
3,0.234314,0.0
4,0.18119,0.0
5,0.109794,0.0
6,0.05276,0.0
7,0.0,0.021272
8,0.0,0.007122
9,0.0,0.002148
10,0.0,0.000518
11,0.0,0.00013
12,0.0,3.4e-05
13,0.0,4e-06
14,0.0,0.0
