,$P(pass)$ = 0.285,$P(fail)$ = 0.715
0,0.000428,0.0
1,0.003774,0.0
2,0.015616,0.0
3,0.043134,0.0
4,0.086864,0.0
5,0.135,0.0
6,0.0,0.166356
7,0.0,0.168924
8,0.0,0.144738
9,0.0,0.104814
10,0.0,0.065664
11,0.0,0.036438
12,0.0,0.017176
13,0.0,0.007156
14,0.0,0.002674
15,0.0,0.000886
16,0.0,0.000232
17,0.0,8.6e-05
18,0.0,3.4e-05
19,0.0,2e-06
20,0.0,2e-06
21,0.0,0.0
