,$P(pass)$ = 0.501,$P(fail)$ = 0.499
0,3.2e-05,0.0
1,0.000258,0.0
2,0.001602,0.0
3,0.006298,0.0
4,0.017268,0.0
5,0.037492,0.0
6,0.067392,0.0
7,0.100082,0.0
8,0.12837,0.0
9,0.142076,0.0
10,0.0,0.138308
11,0.0,0.119842
12,0.0,0.091824
13,0.0,0.06422
14,0.0,0.040198
15,0.0,0.023088
16,0.0,0.011944
17,0.0,0.005666
18,0.0,0.002506
19,0.0,0.000962
20,0.0,0.000402
21,0.0,0.00011
22,0.0,3.6e-05
23,0.0,8e-06
24,0.0,1e-05
25,0.0,0.0
26,0.0,0.0
27,0.0,4e-06
28,0.0,0.0
