,$P(pass)$ = 0.958,$P(fail)$ = 0.042
0,0.003102,0.0
1,0.019156,0.0
2,0.056492,0.0
3,0.1119,0.0
4,0.160816,0.0
5,0.180646,0.0
6,0.166736,0.0
7,0.127756,0.0
8,0.083806,0.0
9,0.047778,0.0
10,0.0,0.024436
11,0.0,0.0108
12,0.0,0.0043
13,0.0,0.001578
14,0.0,0.000512
15,0.0,0.000142
16,0.0,3e-05
17,0.0,1.2e-05
18,0.0,0.0
