,$P(pass)$ = 0.059,$P(fail)$ = 0.941
0,4e-06,0.0
1,1.2e-05,0.0
2,0.00013,0.0
3,0.000624,0.0
4,0.002322,0.0
5,0.006824,0.0
6,0.016434,0.0
7,0.032872,0.0
8,0.0,0.055714
9,0.0,0.082348
10,0.0,0.10841
11,0.0,0.126164
12,0.0,0.12971
13,0.0,0.122138
14,0.0,0.102886
15,0.0,0.079326
16,0.0,0.055494
17,0.0,0.036086
18,0.0,0.020962
19,0.0,0.01148
20,0.0,0.00564
21,0.0,0.002666
22,0.0,0.001136
23,0.0,0.000404
24,0.0,0.000122
25,0.0,5.8e-05
26,0.0,2.8e-05
27,0.0,0.0
28,0.0,4e-06
29,0.0,0.0
