,$P(pass)$ = 0.018,$P(fail)$ = 0.982
0,0.002304,0.0
1,0.01587,0.0
2,0.0,0.05283
3,0.0,0.110286
4,0.0,0.165758
5,0.0,0.19081
6,0.0,0.17598
7,0.0,0.131648
8,0.0,0.081374
9,0.0,0.043442
10,0.0,0.01902
11,0.0,0.007234
12,0.0,0.00246
13,0.0,0.000752
14,0.0,0.000182
15,0.0,3.6e-05
16,0.0,1.2e-05
17,0.0,0.0
