,$P(pass)$ = 0.283,$P(fail)$ = 0.717
0,3.4e-05,0.0
1,0.00048,0.0
2,0.002608,0.0
3,0.008744,0.0
4,0.023984,0.0
5,0.048812,0.0
6,0.082822,0.0
7,0.115828,0.0
8,0.0,0.139656
9,0.0,0.144982
10,0.0,0.132844
11,0.0,0.108132
12,0.0,0.07893
13,0.0,0.051382
14,0.0,0.03024
15,0.0,0.016546
16,0.0,0.008062
17,0.0,0.003576
18,0.0,0.001486
19,0.0,0.000598
20,0.0,0.000162
21,0.0,7e-05
22,0.0,1.8e-05
23,0.0,2e-06
24,0.0,0.0
