,$P(pass)$ = 0.280,$P(fail)$ = 0.720
0,0.075296,0.0
1,0.205012,0.0
2,0.0,0.268452
3,0.0,0.224322
4,0.0,0.1345
5,0.0,0.06176
6,0.0,0.02224
7,0.0,0.006506
8,0.0,0.00151
9,0.0,0.000314
10,0.0,7.2e-05
11,0.0,8e-06
12,0.0,6e-06
13,0.0,0.0
