,$P(pass)$ = 0.854,$P(fail)$ = 0.146
0,0.108936,0.0
1,0.258312,0.0
2,0.285646,0.0
3,0.201226,0.0
4,0.0,0.0976
5,0.0,0.03584
6,0.0,0.009786
7,0.0,0.002166
8,0.0,0.00043
9,0.0,5.2e-05
10,0.0,2e-06
11,0.0,2e-06
12,0.0,0.0
