,$P(pass)$ = 0.001,$P(fail)$ = 0.999
0,2e-06,0.0
1,6.2e-05,0.0
2,0.000536,0.0
3,0.0,0.002426
4,0.0,0.008214
5,0.0,0.021772
6,0.0,0.046356
7,0.0,0.081428
8,0.0,0.118408
9,0.0,0.145728
10,0.0,0.153982
11,0.0,0.140524
12,0.0,0.112698
13,0.0,0.07755
14,0.0,0.046694
15,0.0,0.024696
16,0.0,0.011768
17,0.0,0.00465
18,0.0,0.001754
19,0.0,0.000522
20,0.0,0.000174
21,0.0,4.6e-05
22,0.0,8e-06
23,0.0,0.0
