,$P(pass)$ = 0.891,$P(fail)$ = 0.109
0,0.00603,0.0
1,0.03121,0.0
2,0.08554,0.0
3,0.14493,0.0
4,0.18438,0.0
5,0.18394,0.0
6,0.15104,0.0
7,0.10334,0.0
8,0.0,0.0591
9,0.0,0.02964
10,0.0,0.01328
11,0.0,0.00481
12,0.0,0.00167
13,0.0,0.00052
14,0.0,0.00019
15,0.0,9e-05
16,0.0,4e-05
17,0.0,0.0
