,$P(pass)$ = 0.505,$P(fail)$ = 0.495
0,9e-05,0.0
1,0.00081,0.0
2,0.00418,0.0
3,0.01428,0.0
4,0.03399,0.0
5,0.06581,0.0
6,0.10199,0.0
7,0.13426,0.0
8,0.14952,0.0
9,0.0,0.14326
10,0.0,0.12308
11,0.0,0.09137
12,0.0,0.06145
13,0.0,0.03737
14,0.0,0.02119
15,0.0,0.00974
16,0.0,0.00416
17,0.0,0.00217
18,0.0,0.00074
19,0.0,0.00016
20,0.0,8e-05
21,0.0,4e-05
22,0.0,0.0
23,0.0,1e-05
24,0.0,0.0
