,$P(pass)$ = 0.080,$P(fail)$ = 0.920
0,2.8e-05,0.0
1,0.00033,0.0
2,0.002034,0.0
3,0.008138,0.0
4,0.021956,0.0
5,0.04793,0.0
6,0.0,0.084156
7,0.0,0.120828
8,0.0,0.147446
9,0.0,0.152868
10,0.0,0.137896
11,0.0,0.109334
12,0.0,0.07472
13,0.0,0.046776
14,0.0,0.02501
15,0.0,0.012186
16,0.0,0.005272
17,0.0,0.002028
18,0.0,0.000748
19,0.0,0.000218
20,0.0,7.4e-05
21,0.0,1.2e-05
22,0.0,1e-05
23,0.0,0.0
