,$P(pass)$ = 0.897,$P(fail)$ = 0.103
0,0.006394,0.0
1,0.033506,0.0
2,0.087334,0.0
3,0.150204,0.0
4,0.187972,0.0
5,0.185178,0.0
6,0.147464,0.0
7,0.099068,0.0
8,0.0,0.055792
9,0.0,0.027702
10,0.0,0.012326
11,0.0,0.004866
12,0.0,0.001556
13,0.0,0.000458
14,0.0,0.00014
15,0.0,2.8e-05
16,0.0,6e-06
17,0.0,4e-06
18,0.0,0.0
