,$P(pass)$ = 0.625,$P(fail)$ = 0.375
0,0.00392,0.0
1,0.025058,0.0
2,0.073712,0.0
3,0.13973,0.0
4,0.188582,0.0
5,0.194076,0.0
6,0.0,0.159768
7,0.0,0.107734
8,0.0,0.06068
9,0.0,0.029038
10,0.0,0.011784
11,0.0,0.004228
12,0.0,0.001232
13,0.0,0.000348
14,0.0,8.8e-05
15,0.0,1.6e-05
16,0.0,2e-06
17,0.0,2e-06
18,0.0,0.0
