,$P(pass)$ = 0.952,$P(fail)$ = 0.048
0,0.10819,0.0
1,0.2579,0.0
2,0.28846,0.0
3,0.200802,0.0
4,0.096858,0.0
5,0.0,0.035244
6,0.0,0.009864
7,0.0,0.002198
8,0.0,0.00039
9,0.0,8.4e-05
10,0.0,8e-06
11,0.0,0.0
