,$P(pass)$ = 0.931,$P(fail)$ = 0.069
0,0.00357,0.0
1,0.02278,0.0
2,0.06718,0.0
3,0.12695,0.0
4,0.17257,0.0
5,0.18626,0.0
6,0.1613,0.0
7,0.11822,0.0
8,0.07224,0.0
9,0.0,0.03875
10,0.0,0.01818
11,0.0,0.00757
12,0.0,0.00291
13,0.0,0.0009
14,0.0,0.00028
15,0.0,7e-05
16,0.0,1e-05
17,0.0,0.0
18,0.0,1e-05
19,0.0,0.0
