,$P(pass)$ = 0.001,$P(fail)$ = 0.999
0,2e-06,0.0
1,5.4e-05,0.0
2,0.000462,0.0
3,0.0,0.002384
4,0.0,0.008234
5,0.0,0.021572
6,0.0,0.046462
7,0.0,0.081446
8,0.0,0.118536
9,0.0,0.146528
10,0.0,0.154278
11,0.0,0.139704
12,0.0,0.111716
13,0.0,0.07733
14,0.0,0.04751
15,0.0,0.02489
16,0.0,0.011718
17,0.0,0.004796
18,0.0,0.001694
19,0.0,0.000476
20,0.0,0.000148
21,0.0,5e-05
22,0.0,6e-06
23,0.0,0.0
24,0.0,0.0
25,0.0,2e-06
26,0.0,0.0
