,$P(pass)$ = 0.003,$P(fail)$ = 0.997
0,0.00316,0.0
1,0.0,0.021538
2,0.0,0.068664
3,0.0,0.13882
4,0.0,0.196472
5,0.0,0.20763
6,0.0,0.167722
7,0.0,0.107578
8,0.0,0.055202
9,0.0,0.022884
10,0.0,0.007738
11,0.0,0.002042
12,0.0,0.00044
13,0.0,9.6e-05
14,0.0,1.2e-05
15,0.0,0.0
