,$P(pass)$ = 0.345,$P(fail)$ = 0.655
0,0.099816,0.0
1,0.24545,0.0
2,0.0,0.28764
3,0.0,0.207184
4,0.0,0.105916
5,0.0,0.039122
6,0.0,0.011622
7,0.0,0.00268
8,0.0,0.000492
9,0.0,6.4e-05
10,0.0,1.2e-05
11,0.0,0.0
