,$P(pass)$ = 0.893,$P(fail)$ = 0.107
0,0.00544,0.0
1,0.03147,0.0
2,0.08242,0.0
3,0.14787,0.0
4,0.18593,0.0
5,0.18671,0.0
6,0.15045,0.0
7,0.10272,0.0
8,0.0,0.0588
9,0.0,0.02914
10,0.0,0.01227
11,0.0,0.00459
12,0.0,0.00136
13,0.0,0.00047
14,0.0,8e-05
15,0.0,2e-05
16,0.0,1e-05
17,0.0,0.0
