,$P(pass)$ = 0.435,$P(fail)$ = 0.565
0,0.000118,0.0
1,0.001164,0.0
2,0.00563,0.0
3,0.019316,0.0
4,0.045878,0.0
5,0.084328,0.0
6,0.125014,0.0
7,0.153408,0.0
8,0.0,0.158696
9,0.0,0.142302
10,0.0,0.107774
11,0.0,0.072966
12,0.0,0.042948
13,0.0,0.022974
14,0.0,0.010494
15,0.0,0.00449
16,0.0,0.001614
17,0.0,0.000634
18,0.0,0.000202
19,0.0,3.8e-05
20,0.0,6e-06
21,0.0,4e-06
22,0.0,0.0
