,$P(pass)$ = 0.503,$P(fail)$ = 0.497
0,9e-05,0.0
1,0.00073,0.0
2,0.00419,0.0
3,0.01383,0.0
4,0.03368,0.0
5,0.06722,0.0
6,0.10187,0.0
7,0.13128,0.0
8,0.15039,0.0
9,0.0,0.14349
10,0.0,0.12293
11,0.0,0.09303
12,0.0,0.06059
13,0.0,0.03747
14,0.0,0.02118
15,0.0,0.01046
16,0.0,0.00437
17,0.0,0.00196
18,0.0,0.00061
19,0.0,0.00027
20,0.0,8e-05
21,0.0,1e-05
22,0.0,1e-05
23,0.0,0.0
24,0.0,1e-05
25,0.0,0.0
