,$P(pass)$ = 0.282,$P(fail)$ = 0.718
0,4.6e-05,0.0
1,0.000464,0.0
2,0.002626,0.0
3,0.009036,0.0
4,0.023854,0.0
5,0.048216,0.0
6,0.082074,0.0
7,0.115998,0.0
8,0.0,0.139198
9,0.0,0.144598
10,0.0,0.133218
11,0.0,0.109056
12,0.0,0.078736
13,0.0,0.051808
14,0.0,0.030428
15,0.0,0.016486
16,0.0,0.008076
17,0.0,0.00365
18,0.0,0.001512
19,0.0,0.000606
20,0.0,0.000206
21,0.0,8e-05
22,0.0,1.6e-05
23,0.0,4e-06
24,0.0,6e-06
25,0.0,0.0
