,$P(pass)$ = 0.981,$P(fail)$ = 0.019
0,0.337178,0.0
1,0.376978,0.0
2,0.199044,0.0
3,0.067438,0.0
4,0.0,0.016084
5,0.0,0.002838
6,0.0,0.000396
7,0.0,4.2e-05
8,0.0,0.0
