,$P(pass)$ = 0.352,$P(fail)$ = 0.648
0,0.0,0.0
1,0.00079,0.0
2,0.00416,0.0
3,0.01318,0.0
4,0.03464,0.0
5,0.06515,0.0
6,0.10126,0.0
7,0.1327,0.0
8,0.0,0.14979
9,0.0,0.14503
10,0.0,0.12173
11,0.0,0.09149
12,0.0,0.06239
13,0.0,0.03753
14,0.0,0.02095
15,0.0,0.01054
16,0.0,0.00506
17,0.0,0.00209
18,0.0,0.00086
19,0.0,0.00032
20,0.0,9e-05
21,0.0,0.0
