,$P(pass)$ = 0.020,$P(fail)$ = 0.980
0,0.0,0.0
1,0.0,0.0
2,5.6e-05,0.0
3,0.00038,0.0
4,0.001548,0.0
5,0.004932,0.0
6,0.012986,0.0
7,0.0,0.02821
8,0.0,0.052028
9,0.0,0.081144
10,0.0,0.110254
11,0.0,0.133102
12,0.0,0.139252
13,0.0,0.128524
14,0.0,0.108466
15,0.0,0.080494
16,0.0,0.053664
17,0.0,0.032302
18,0.0,0.017612
19,0.0,0.00856
20,0.0,0.003904
21,0.0,0.001654
22,0.0,0.000624
23,0.0,0.000216
24,0.0,7e-05
25,0.0,1.2e-05
26,0.0,2e-06
27,0.0,2e-06
28,0.0,0.0
