,$P(pass)$ = 0.931,$P(fail)$ = 0.069
0,0.004242,0.0
1,0.023912,0.0
2,0.068494,0.0
3,0.127362,0.0
4,0.172974,0.0
5,0.185072,0.0
6,0.15982,0.0
7,0.11683,0.0
8,0.072076,0.0
9,0.0,0.038728
10,0.0,0.01858
11,0.0,0.00774
12,0.0,0.00285
13,0.0,0.000922
14,0.0,0.00029
15,0.0,8e-05
16,0.0,1.6e-05
17,0.0,1e-05
18,0.0,0.0
