,$P(pass)$ = 0.589,$P(fail)$ = 0.411
0,3.6e-05,0.0
1,0.000542,0.0
2,0.0029,0.0
3,0.010138,0.0
4,0.026398,0.0
5,0.052754,0.0
6,0.087744,0.0
7,0.119896,0.0
8,0.142416,0.0
9,0.145734,0.0
10,0.0,0.129696
11,0.0,0.103994
12,0.0,0.074578
13,0.0,0.048286
14,0.0,0.027716
15,0.0,0.015054
16,0.0,0.00699
17,0.0,0.003068
18,0.0,0.001364
19,0.0,0.000484
20,0.0,0.000152
21,0.0,4.2e-05
22,0.0,1.4e-05
23,0.0,2e-06
24,0.0,0.0
