,$P(pass)$ = 0.059,$P(fail)$ = 0.941
0,0.0,0.0
1,1.4e-05,0.0
2,0.000118,0.0
3,0.000588,0.0
4,0.002328,0.0
5,0.007046,0.0
6,0.016454,0.0
7,0.032486,0.0
8,0.0,0.055948
9,0.0,0.083666
10,0.0,0.108264
11,0.0,0.12622
12,0.0,0.131326
13,0.0,0.121714
14,0.0,0.102618
15,0.0,0.078902
16,0.0,0.054632
17,0.0,0.035448
18,0.0,0.021072
19,0.0,0.011316
20,0.0,0.005616
21,0.0,0.00253
22,0.0,0.001
23,0.0,0.000456
24,0.0,0.000152
25,0.0,5.4e-05
26,0.0,1.8e-05
27,0.0,1e-05
28,0.0,0.0
29,0.0,2e-06
30,0.0,0.0
