,$P(pass)$ = 0.001,$P(fail)$ = 0.999
0,1e-05,0.0
1,0.00019,0.0
2,0.00103,0.0
3,0.0,0.00456
4,0.0,0.014274
5,0.0,0.03477
6,0.0,0.066664
7,0.0,0.10578
8,0.0,0.140308
9,0.0,0.157208
10,0.0,0.150876
11,0.0,0.123938
12,0.0,0.08962
13,0.0,0.055618
14,0.0,0.03078
15,0.0,0.014882
16,0.0,0.006208
17,0.0,0.002298
18,0.0,0.000718
19,0.0,0.0002
20,0.0,5.2e-05
21,0.0,1.4e-05
22,0.0,0.0
