,$P(pass)$ = 0.071,$P(fail)$ = 0.929
0,2.2e-05,0.0
1,0.000262,0.0
2,0.001644,0.0
3,0.006678,0.0
4,0.019086,0.0
5,0.043154,0.0
6,0.0,0.077108
7,0.0,0.113932
8,0.0,0.142744
9,0.0,0.152804
10,0.0,0.14182
11,0.0,0.11431
12,0.0,0.08134
13,0.0,0.051044
14,0.0,0.028968
15,0.0,0.014304
16,0.0,0.006618
17,0.0,0.002742
18,0.0,0.000952
19,0.0,0.000334
20,0.0,0.0001
21,0.0,2.4e-05
22,0.0,8e-06
23,0.0,0.0
