,$P(pass)$ = 0.001,$P(fail)$ = 0.999
0,4e-06,0.0
1,0.000158,0.0
2,0.000952,0.0
3,0.0,0.004574
4,0.0,0.01485
5,0.0,0.034862
6,0.0,0.067662
7,0.0,0.106264
8,0.0,0.140472
9,0.0,0.155866
10,0.0,0.14974
11,0.0,0.124062
12,0.0,0.089204
13,0.0,0.05642
14,0.0,0.030366
15,0.0,0.01475
16,0.0,0.006366
17,0.0,0.002344
18,0.0,0.0008
19,0.0,0.000222
20,0.0,5.4e-05
21,0.0,6e-06
22,0.0,0.0
