,$P(pass)$ = 0.836,$P(fail)$ = 0.164
0,0.00343,0.0
1,0.019834,0.0
2,0.059688,0.0
3,0.116048,0.0
4,0.164792,0.0
5,0.182528,0.0
6,0.16508,0.0
7,0.124726,0.0
8,0.0,0.080374
9,0.0,0.04542
10,0.0,0.022546
11,0.0,0.009788
12,0.0,0.003808
13,0.0,0.00131
14,0.0,0.000438
15,0.0,0.00015
16,0.0,2.6e-05
17,0.0,6e-06
18,0.0,2e-06
19,0.0,4e-06
20,0.0,0.0
