,$P(pass)$ = 0.018,$P(fail)$ = 0.982
0,5.4e-05,0.0
1,0.000696,0.0
2,0.00383,0.0
3,0.013328,0.0
4,0.0,0.034088
5,0.0,0.066962
6,0.0,0.106198
7,0.0,0.140824
8,0.0,0.156468
9,0.0,0.149328
10,0.0,0.122384
11,0.0,0.089596
12,0.0,0.056946
13,0.0,0.031602
14,0.0,0.016106
15,0.0,0.007244
16,0.0,0.002928
17,0.0,0.00103
18,0.0,0.000294
19,0.0,6.4e-05
20,0.0,2.6e-05
21,0.0,0.0
22,0.0,2e-06
23,0.0,0.0
