,$P(pass)$ = 0.018,$P(fail)$ = 0.982
0,0.017618,0.0
1,0.0,0.080732
2,0.0,0.171262
3,0.0,0.229412
4,0.0,0.217574
5,0.0,0.151564
6,0.0,0.081402
7,0.0,0.03465
8,0.0,0.011734
9,0.0,0.00321
10,0.0,0.000692
11,0.0,0.000128
12,0.0,1.8e-05
13,0.0,2e-06
14,0.0,0.0
