,$P(pass)$ = 0.956,$P(fail)$ = 0.044
0,0.014534,0.0
1,0.063398,0.0
2,0.139584,0.0
3,0.1989,0.0
4,0.205826,0.0
5,0.166274,0.0
6,0.109308,0.0
7,0.058116,0.0
8,0.0,0.027866
9,0.0,0.010742
10,0.0,0.003792
11,0.0,0.00118
12,0.0,0.000366
13,0.0,8.6e-05
14,0.0,2e-05
15,0.0,6e-06
16,0.0,0.0
