,$P(pass)$ = 0.017,$P(fail)$ = 0.983
0,0.016904,0.0
1,0.0,0.078936
2,0.0,0.171618
3,0.0,0.232406
4,0.0,0.21833
5,0.0,0.152178
6,0.0,0.081064
7,0.0,0.033742
8,0.0,0.01132
9,0.0,0.002752
10,0.0,0.000628
11,0.0,0.000114
12,0.0,4e-06
13,0.0,2e-06
14,0.0,0.0
