,$P(pass)$ = 0.892,$P(fail)$ = 0.108
0,0.005544,0.0
1,0.030006,0.0
2,0.082416,0.0
3,0.14559,0.0
4,0.186294,0.0
5,0.187874,0.0
6,0.151596,0.0
7,0.102328,0.0
8,0.0,0.059156
9,0.0,0.029538
10,0.0,0.01239
11,0.0,0.004872
12,0.0,0.00168
13,0.0,0.000504
14,0.0,0.000172
15,0.0,3e-05
16,0.0,6e-06
17,0.0,2e-06
18,0.0,0.0
