,$P(pass)$ = 0.587,$P(fail)$ = 0.413
0,6e-05,0.0
1,0.00051,0.0
2,0.00272,0.0
3,0.01043,0.0
4,0.02617,0.0
5,0.05389,0.0
6,0.08865,0.0
7,0.11831,0.0
8,0.14113,0.0
9,0.14529,0.0
10,0.0,0.12971
11,0.0,0.10477
12,0.0,0.07499
13,0.0,0.04769
14,0.0,0.02797
15,0.0,0.01489
16,0.0,0.00741
17,0.0,0.00324
18,0.0,0.00128
19,0.0,0.00043
20,0.0,0.00014
21,0.0,6e-05
22,0.0,0.0
23,0.0,1e-05
24,0.0,0.0
