,$P(pass)$ = 0.024,$P(fail)$ = 0.976
0,0.0,0.0
1,1e-05,0.0
2,6e-05,0.0
3,0.00013,0.0
4,0.00069,0.0
5,0.00232,0.0
6,0.00615,0.0
7,0.01455,0.0
8,0.0,0.02679
9,0.0,0.04794
10,0.0,0.07182
11,0.0,0.09614
12,0.0,0.11689
13,0.0,0.1235
14,0.0,0.12315
15,0.0,0.10922
16,0.0,0.08854
17,0.0,0.06622
18,0.0,0.04462
19,0.0,0.02931
20,0.0,0.01622
21,0.0,0.00825
22,0.0,0.004
23,0.0,0.00194
24,0.0,0.00084
25,0.0,0.00032
26,0.0,0.0001
27,0.0,2e-05
28,0.0,0.0
29,0.0,1e-05
30,0.0,0.0
