,$P(pass)$ = 0.347,$P(fail)$ = 0.653
0,0.099616,0.0
1,0.24695,0.0
2,0.0,0.286722
3,0.0,0.207276
4,0.0,0.10524
5,0.0,0.03949
6,0.0,0.01141
7,0.0,0.00269
8,0.0,0.00051
9,0.0,8.8e-05
10,0.0,6e-06
11,0.0,0.0
