,$P(pass)$ = 0.438,$P(fail)$ = 0.562
0,0.000102,0.0
1,0.001114,0.0
2,0.005978,0.0
3,0.019748,0.0
4,0.046366,0.0
5,0.085574,0.0
6,0.125634,0.0
7,0.153662,0.0
8,0.0,0.158926
9,0.0,0.140486
10,0.0,0.10765
11,0.0,0.072284
12,0.0,0.04284
13,0.0,0.022122
14,0.0,0.010572
15,0.0,0.004498
16,0.0,0.001632
17,0.0,0.000568
18,0.0,0.000196
19,0.0,4.4e-05
20,0.0,2e-06
21,0.0,0.0
