,$P(pass)$ = 0.894,$P(fail)$ = 0.106
0,0.00106,0.0
1,0.00687,0.0
2,0.02615,0.0
3,0.06095,0.0
4,0.10916,0.0
5,0.15212,0.0
6,0.16556,0.0
7,0.15637,0.0
8,0.12646,0.0
9,0.08947,0.0
10,0.0,0.0537
11,0.0,0.0288
12,0.0,0.01366
13,0.0,0.00582
14,0.0,0.00232
15,0.0,0.00086
16,0.0,0.00035
17,0.0,5e-05
18,0.0,0.0
19,0.0,2e-05
20,0.0,0.0
