,$P(pass)$ = 0.436,$P(fail)$ = 0.564
0,0.000126,0.0
1,0.001138,0.0
2,0.00576,0.0
3,0.019186,0.0
4,0.045758,0.0
5,0.085144,0.0
6,0.12516,0.0
7,0.153798,0.0
8,0.0,0.158888
9,0.0,0.140756
10,0.0,0.108388
11,0.0,0.07224
12,0.0,0.043242
13,0.0,0.022506
14,0.0,0.010666
15,0.0,0.004726
16,0.0,0.001734
17,0.0,0.00055
18,0.0,0.000162
19,0.0,6.2e-05
20,0.0,4e-06
21,0.0,2e-06
22,0.0,2e-06
23,0.0,0.0
