,$P(pass)$ = 0.042,$P(fail)$ = 0.958
0,0.0,0.0
1,0.0,0.0
2,0.0,0.0
3,1e-05,0.0
4,0.00023,0.0
5,0.00067,0.0
6,0.00205,0.0
7,0.00516,0.0
8,0.01161,0.0
9,0.02248,0.0
10,0.0,0.03776
11,0.0,0.05974
12,0.0,0.08262
13,0.0,0.10224
14,0.0,0.11635
15,0.0,0.11809
16,0.0,0.11201
17,0.0,0.09721
18,0.0,0.07722
19,0.0,0.05738
20,0.0,0.04001
21,0.0,0.02538
22,0.0,0.01478
23,0.0,0.00827
24,0.0,0.00473
25,0.0,0.00207
26,0.0,0.00103
27,0.0,0.00032
28,0.0,0.0002
29,0.0,8e-05
30,0.0,4e-05
31,0.0,1e-05
32,0.0,0.0
