,$P(pass)$ = 0.384,$P(fail)$ = 0.616
0,0.116644,0.0
1,0.267114,0.0
2,0.0,0.288112
3,0.0,0.19397
4,0.0,0.091448
5,0.0,0.031762
6,0.0,0.008632
7,0.0,0.001926
8,0.0,0.000346
9,0.0,4e-05
10,0.0,4e-06
11,0.0,0.0
