,$P(pass)$ = 0.017,$P(fail)$ = 0.983
0,0.016796,0.0
1,0.0,0.078404
2,0.0,0.17182
3,0.0,0.233874
4,0.0,0.218152
5,0.0,0.152224
6,0.0,0.080602
7,0.0,0.03376
8,0.0,0.01084
9,0.0,0.002748
10,0.0,0.00066
11,0.0,0.000108
12,0.0,1e-05
13,0.0,0.0
