,$P(pass)$ = 0.817,$P(fail)$ = 0.183
0,0.007316,0.0
1,0.037244,0.0
2,0.094608,0.0
3,0.158928,0.0
4,0.193726,0.0
5,0.183282,0.0
6,0.142012,0.0
7,0.0,0.092236
8,0.0,0.050474
9,0.0,0.02462
10,0.0,0.010108
11,0.0,0.00381
12,0.0,0.00118
13,0.0,0.000342
14,0.0,8e-05
15,0.0,2.8e-05
16,0.0,2e-06
17,0.0,2e-06
18,0.0,0.0
