,$P(pass)$ = 0.430,$P(fail)$ = 0.570
0,0.000122,0.0
1,0.001476,0.0
2,0.006368,0.0
3,0.020174,0.0
4,0.046724,0.0
5,0.084708,0.0
6,0.122306,0.0
7,0.147664,0.0
8,0.0,0.152728
9,0.0,0.137314
10,0.0,0.108742
11,0.0,0.075528
12,0.0,0.046506
13,0.0,0.026354
14,0.0,0.013182
15,0.0,0.006278
16,0.0,0.002426
17,0.0,0.000936
18,0.0,0.000344
19,0.0,9.2e-05
20,0.0,1.6e-05
21,0.0,8e-06
22,0.0,2e-06
23,0.0,0.0
