,$P(pass)$ = 0.502,$P(fail)$ = 0.498
0,7.2e-05,0.0
1,0.000886,0.0
2,0.003984,0.0
3,0.014016,0.0
4,0.03351,0.0
5,0.065506,0.0
6,0.10134,0.0
7,0.133238,0.0
8,0.149134,0.0
9,0.0,0.143276
10,0.0,0.123038
11,0.0,0.092866
12,0.0,0.062122
13,0.0,0.03808
14,0.0,0.020944
15,0.0,0.010392
16,0.0,0.004678
17,0.0,0.001868
18,0.0,0.000708
19,0.0,0.000234
20,0.0,7.8e-05
21,0.0,1.8e-05
22,0.0,8e-06
23,0.0,2e-06
24,0.0,0.0
