,$P(pass)$ = 0.023,$P(fail)$ = 0.977
0,0.000464,0.0
1,0.004332,0.0
2,0.018452,0.0
3,0.0,0.05059
4,0.0,0.101352
5,0.0,0.15063
6,0.0,0.17826
7,0.0,0.172168
8,0.0,0.137006
9,0.0,0.092918
10,0.0,0.052202
11,0.0,0.025632
12,0.0,0.010652
13,0.0,0.003728
14,0.0,0.001186
15,0.0,0.000312
16,0.0,0.000102
17,0.0,1e-05
18,0.0,0.0
19,0.0,2e-06
20,0.0,0.0
