,$P(pass)$ = 0.393,$P(fail)$ = 0.607
0,0.12038,0.0
1,0.272292,0.0
2,0.0,0.28816
3,0.0,0.191564
4,0.0,0.087818
5,0.0,0.0301
6,0.0,0.007726
7,0.0,0.001616
8,0.0,0.000306
9,0.0,3e-05
10,0.0,4e-06
11,0.0,2e-06
12,0.0,0.0
