,$P(pass)$ = 0.686,$P(fail)$ = 0.314
0,0.00098,0.0
1,0.00698,0.0
2,0.02669,0.0
3,0.06233,0.0
4,0.11191,0.0
5,0.15157,0.0
6,0.16855,0.0
7,0.15709,0.0
8,0.0,0.12508
9,0.0,0.08623
10,0.0,0.05175
11,0.0,0.0281
12,0.0,0.01322
13,0.0,0.00572
14,0.0,0.00224
15,0.0,0.00089
16,0.0,0.00028
17,0.0,0.0001
18,0.0,3e-05
19,0.0,1e-05
20,0.0,0.0
