,$P(pass)$ = 0.960,$P(fail)$ = 0.040
0,0.00281,0.0
1,0.01807,0.0
2,0.05647,0.0
3,0.111294,0.0
4,0.161332,0.0
5,0.18315,0.0
6,0.167358,0.0
7,0.127884,0.0
8,0.084162,0.0
9,0.047344,0.0
10,0.0,0.023382
11,0.0,0.010464
12,0.0,0.004102
13,0.0,0.001484
14,0.0,0.000488
15,0.0,0.000156
16,0.0,3.6e-05
17,0.0,1e-05
18,0.0,0.0
19,0.0,2e-06
20,0.0,0.0
