,$P(pass)$ = 0.150,$P(fail)$ = 0.850
0,0.150252,0.0
1,0.0,0.301776
2,0.0,0.283022
3,0.0,0.168024
4,0.0,0.06912
5,0.0,0.021786
6,0.0,0.005024
7,0.0,0.00086
8,0.0,0.000118
9,0.0,1.6e-05
10,0.0,0.0
