,$P(pass)$ = 0.412,$P(fail)$ = 0.588
0,0.04239,0.0
1,0.1414,0.0
2,0.227744,0.0
3,0.0,0.23563
4,0.0,0.177298
5,0.0,0.101782
6,0.0,0.04753
7,0.0,0.018142
8,0.0,0.005972
9,0.0,0.001662
10,0.0,0.000356
11,0.0,8e-05
12,0.0,1e-05
13,0.0,2e-06
14,0.0,0.0
