,$P(pass)$ = 0.589,$P(fail)$ = 0.411
0,4e-05,0.0
1,0.00056,0.0
2,0.00279,0.0
3,0.01048,0.0
4,0.02639,0.0
5,0.05165,0.0
6,0.08633,0.0
7,0.11957,0.0
8,0.14354,0.0
9,0.14715,0.0
10,0.0,0.13002
11,0.0,0.10543
12,0.0,0.07505
13,0.0,0.04691
14,0.0,0.02774
15,0.0,0.01447
16,0.0,0.00652
17,0.0,0.00293
18,0.0,0.00135
19,0.0,0.00054
20,0.0,0.00018
21,0.0,0.0001
22,0.0,0.0
23,0.0,1e-05
24,0.0,0.0
