,$P(pass)$ = 0.492,$P(fail)$ = 0.508
0,0.02076,0.0
1,0.083806,0.0
2,0.169476,0.0
3,0.218438,0.0
4,0.0,0.204214
5,0.0,0.148198
6,0.0,0.087094
7,0.0,0.042214
8,0.0,0.01718
9,0.0,0.006048
10,0.0,0.00189
11,0.0,0.000504
12,0.0,0.000132
13,0.0,3.6e-05
14,0.0,8e-06
15,0.0,0.0
