,$P(pass)$ = 0.352,$P(fail)$ = 0.648
0,7.4e-05,0.0
1,0.000788,0.0
2,0.004114,0.0
3,0.013764,0.0
4,0.03388,0.0
5,0.06554,0.0
6,0.101248,0.0
7,0.132956,0.0
8,0.0,0.148128
9,0.0,0.14421
10,0.0,0.122512
11,0.0,0.092218
12,0.0,0.063116
13,0.0,0.038198
14,0.0,0.021112
15,0.0,0.010124
16,0.0,0.004854
17,0.0,0.002028
18,0.0,0.000722
19,0.0,0.000284
20,0.0,8.8e-05
21,0.0,2.6e-05
22,0.0,8e-06
23,0.0,4e-06
24,0.0,2e-06
25,0.0,0.0
