,$P(pass)$ = 0.283,$P(fail)$ = 0.717
0,3.6e-05,0.0
1,0.000438,0.0
2,0.002512,0.0
3,0.009016,0.0
4,0.024206,0.0
5,0.049012,0.0
6,0.082312,0.0
7,0.115292,0.0
8,0.0,0.138536
9,0.0,0.145188
10,0.0,0.13377
11,0.0,0.108288
12,0.0,0.07866
13,0.0,0.051792
14,0.0,0.030698
15,0.0,0.01624
16,0.0,0.008012
17,0.0,0.003672
18,0.0,0.001496
19,0.0,0.00054
20,0.0,0.000172
21,0.0,9e-05
22,0.0,1.8e-05
23,0.0,2e-06
24,0.0,0.0
