,$P(pass)$ = 0.541,$P(fail)$ = 0.459
0,0.026378,0.0
1,0.100414,0.0
2,0.188114,0.0
3,0.226396,0.0
4,0.0,0.199026
5,0.0,0.134176
6,0.0,0.074022
7,0.0,0.033106
8,0.0,0.012618
9,0.0,0.004214
10,0.0,0.001136
11,0.0,0.000324
12,0.0,6.4e-05
13,0.0,8e-06
14,0.0,2e-06
15,0.0,0.0
