,$P(pass)$ = 0.071,$P(fail)$ = 0.929
0,2.4e-05,0.0
1,0.000234,0.0
2,0.001658,0.0
3,0.006722,0.0
4,0.01941,0.0
5,0.042924,0.0
6,0.0,0.07628
7,0.0,0.11401
8,0.0,0.14359
9,0.0,0.152662
10,0.0,0.14205
11,0.0,0.114018
12,0.0,0.081614
13,0.0,0.051348
14,0.0,0.02859
15,0.0,0.014396
16,0.0,0.006372
17,0.0,0.002676
18,0.0,0.000992
19,0.0,0.000298
20,0.0,0.0001
21,0.0,2e-05
22,0.0,6e-06
23,0.0,2e-06
24,0.0,2e-06
25,0.0,0.0
