,$P(pass)$ = 0.346,$P(fail)$ = 0.654
0,0.099638,0.0
1,0.246372,0.0
2,0.0,0.287248
3,0.0,0.207794
4,0.0,0.104894
5,0.0,0.039166
6,0.0,0.011632
7,0.0,0.002652
8,0.0,0.000506
9,0.0,8.6e-05
10,0.0,1e-05
11,0.0,0.0
