,$P(pass)$ = 0.037,$P(fail)$ = 0.963
0,0.000196,0.0
1,0.00182,0.0
2,0.008538,0.0
3,0.025956,0.0
4,0.0,0.05875
5,0.0,0.100488
6,0.0,0.141426
7,0.0,0.163272
8,0.0,0.157806
9,0.0,0.130864
10,0.0,0.093666
11,0.0,0.058766
12,0.0,0.032046
13,0.0,0.015946
14,0.0,0.006706
15,0.0,0.00256
16,0.0,0.000854
17,0.0,0.000228
18,0.0,8.2e-05
19,0.0,2.4e-05
20,0.0,2e-06
21,0.0,2e-06
22,0.0,0.0
