,$P(pass)$ = 0.825,$P(fail)$ = 0.175
0,0.017226,0.0
1,0.073824,0.0
2,0.156086,0.0
3,0.211356,0.0
4,0.208902,0.0
5,0.157402,0.0
6,0.0,0.097136
7,0.0,0.047716
8,0.0,0.020046
9,0.0,0.0072
10,0.0,0.002296
11,0.0,0.000624
12,0.0,0.000146
13,0.0,3.2e-05
14,0.0,6e-06
15,0.0,0.0
