,$P(pass)$ = 0.882,$P(fail)$ = 0.118
0,0.011174,0.0
1,0.053312,0.0
2,0.125558,0.0
3,0.189278,0.0
4,0.208638,0.0
5,0.175008,0.0
6,0.11927,0.0
7,0.0,0.066948
8,0.0,0.031354
9,0.0,0.01297
10,0.0,0.004568
11,0.0,0.001428
12,0.0,0.000382
13,0.0,8.2e-05
14,0.0,2.2e-05
15,0.0,6e-06
16,0.0,0.0
