,$P(pass)$ = 0.419,$P(fail)$ = 0.581
0,1.8e-05,0.0
1,0.00017,0.0
2,0.001066,0.0
3,0.003862,0.0
4,0.011658,0.0
5,0.026974,0.0
6,0.051102,0.0
7,0.08101,0.0
8,0.11128,0.0
9,0.131744,0.0
10,0.0,0.136414
11,0.0,0.12797
12,0.0,0.107002
13,0.0,0.080958
14,0.0,0.055234
15,0.0,0.034796
16,0.0,0.019932
17,0.0,0.01027
18,0.0,0.004824
19,0.0,0.002274
20,0.0,0.000972
21,0.0,0.000288
22,0.0,0.000118
23,0.0,4.6e-05
24,0.0,1.6e-05
25,0.0,0.0
