,$P(pass)$ = 0.429,$P(fail)$ = 0.571
0,0.00012,0.0
1,0.00156,0.0
2,0.00631,0.0
3,0.02027,0.0
4,0.04831,0.0
5,0.08416,0.0
6,0.12082,0.0
7,0.14747,0.0
8,0.0,0.15256
9,0.0,0.13768
10,0.0,0.10721
11,0.0,0.0767
12,0.0,0.04704
13,0.0,0.02552
14,0.0,0.01404
15,0.0,0.00588
16,0.0,0.00274
17,0.0,0.00091
18,0.0,0.00033
19,0.0,0.0001
20,0.0,2e-05
21,0.0,0.0
