,$P(pass)$ = 0.890,$P(fail)$ = 0.110
0,0.005676,0.0
1,0.031496,0.0
2,0.083614,0.0
3,0.145004,0.0
4,0.186216,0.0
5,0.185586,0.0
6,0.150058,0.0
7,0.102246,0.0
8,0.0,0.05926
9,0.0,0.029894
10,0.0,0.01321
11,0.0,0.00515
12,0.0,0.00184
13,0.0,0.000518
14,0.0,0.000164
15,0.0,4.6e-05
16,0.0,1.4e-05
17,0.0,6e-06
18,0.0,0.0
