,$P(pass)$ = 0.411,$P(fail)$ = 0.589
0,0.001052,0.0
1,0.0081,0.0
2,0.031502,0.0
3,0.073512,0.0
4,0.127508,0.0
5,0.169296,0.0
6,0.0,0.180252
7,0.0,0.155772
8,0.0,0.114382
9,0.0,0.07147
10,0.0,0.038748
11,0.0,0.017622
12,0.0,0.007274
13,0.0,0.002488
14,0.0,0.00071
15,0.0,0.000252
16,0.0,5e-05
17,0.0,6e-06
18,0.0,2e-06
19,0.0,0.0
