,$P(pass)$ = 0.435,$P(fail)$ = 0.565
0,0.000122,0.0
1,0.001154,0.0
2,0.005704,0.0
3,0.01905,0.0
4,0.045908,0.0
5,0.084016,0.0
6,0.124982,0.0
7,0.153714,0.0
8,0.0,0.158784
9,0.0,0.14106
10,0.0,0.10897
11,0.0,0.072922
12,0.0,0.043358
13,0.0,0.022624
14,0.0,0.01062
15,0.0,0.004482
16,0.0,0.001698
17,0.0,0.00056
18,0.0,0.000196
19,0.0,5.8e-05
20,0.0,1.2e-05
21,0.0,0.0
22,0.0,2e-06
23,0.0,2e-06
24,0.0,0.0
