,$P(pass) = 0.98756 \pm 0.00031$,$P(fail) = 0.01244 \pm 0.00031$,P(X=x),err_lower,err_upper
0,0.6003659780413175,0.0,0.6003659780413175,0.0013576546893369068,0.0013576546893369068
1,0.31131932084074954,0.0,0.31131932084074954,0.0012834000359542852,0.0012834000359542852
2,0.0758734475931444,0.0,0.0758734475931444,0.0007339402304884224,0.0007339402304884224
3,0.0,0.01120532768033918,0.01120532768033918,0.0002917530466605197,0.0002917530466605197
4,0.0,0.0011399316041037538,0.0011399316041037538,9.35280292741216e-05,9.35280292741216e-05
5,0.0,9.599424034557927e-05,9.599424034557927e-05,2.7155124770502923e-05,2.7155124770502923e-05
6,0.0,0.0,0.0,0.0,0.0
