,$P(pass)$ = 0.415,$P(fail)$ = 0.585
0,0.0,0.0
1,0.00017,0.0
2,0.00101,0.0
3,0.00372,0.0
4,0.0118,0.0
5,0.02696,0.0
6,0.05073,0.0
7,0.08053,0.0
8,0.10761,0.0
9,0.13234,0.0
10,0.0,0.14015
11,0.0,0.12821
12,0.0,0.10771
13,0.0,0.08165
14,0.0,0.054
15,0.0,0.0335
16,0.0,0.02019
17,0.0,0.01047
18,0.0,0.005
19,0.0,0.0024
20,0.0,0.00101
21,0.0,0.00042
22,0.0,0.00014
23,0.0,2e-05
24,0.0,1e-05
25,0.0,0.0
