,$P(pass)$ = 0.942,$P(fail)$ = 0.058
0,0.008178,0.0
1,0.042454,0.0
2,0.11087,0.0
3,0.179294,0.0
4,0.208766,0.0
5,0.186654,0.0
6,0.13009,0.0
7,0.075704,0.0
8,0.0,0.03657
9,0.0,0.014614
10,0.0,0.004754
11,0.0,0.001552
12,0.0,0.00038
13,0.0,9.6e-05
14,0.0,2e-05
15,0.0,2e-06
16,0.0,0.0
