,$P(pass)$ = 0.892,$P(fail)$ = 0.108
0,0.005316,0.0
1,0.030114,0.0
2,0.08212,0.0
3,0.145186,0.0
4,0.187266,0.0
5,0.186234,0.0
6,0.15287,0.0
7,0.103004,0.0
8,0.0,0.058628
9,0.0,0.028974
10,0.0,0.012972
11,0.0,0.004912
12,0.0,0.001694
13,0.0,0.000538
14,0.0,0.000124
15,0.0,3.4e-05
16,0.0,1e-05
17,0.0,0.0
18,0.0,2e-06
19,0.0,0.0
