,$P(pass)$ = 0.963,$P(fail)$ = 0.037
0,0.00338,0.0
1,0.01903,0.0
2,0.05839,0.0
3,0.11411,0.0
4,0.16371,0.0
5,0.18426,0.0
6,0.168,0.0
7,0.12567,0.0
8,0.08071,0.0
9,0.04553,0.0
10,0.0,0.02147
11,0.0,0.00983
12,0.0,0.00366
13,0.0,0.00142
14,0.0,0.00045
15,0.0,0.0001
16,0.0,3e-05
17,0.0,0.0
