,$P(pass)$ = 0.176,$P(fail)$ = 0.824
0,8e-06,0.0
1,0.000112,0.0
2,0.000738,0.0
3,0.003386,0.0
4,0.010474,0.0
5,0.025798,0.0
6,0.050862,0.0
7,0.08425,0.0
8,0.0,0.117214
9,0.0,0.139788
10,0.0,0.146136
11,0.0,0.13244
12,0.0,0.1074
13,0.0,0.07743
14,0.0,0.049218
15,0.0,0.028398
16,0.0,0.014822
17,0.0,0.00682
18,0.0,0.002982
19,0.0,0.001154
20,0.0,0.000394
21,0.0,0.000112
22,0.0,3.8e-05
23,0.0,1.8e-05
24,0.0,6e-06
25,0.0,0.0
