,$P(pass)$ = 0.854,$P(fail)$ = 0.146
0,0.108544,0.0
1,0.257156,0.0
2,0.288078,0.0
3,0.200182,0.0
4,0.0,0.097038
5,0.0,0.035804
6,0.0,0.010352
7,0.0,0.002326
8,0.0,0.000452
9,0.0,6.2e-05
10,0.0,4e-06
11,0.0,0.0
