,$P(pass)$ = 0.179,$P(fail)$ = 0.821
0,0.178844,0.0
1,0.0,0.323854
2,0.0,0.27603
3,0.0,0.14701
4,0.0,0.054952
5,0.0,0.015444
6,0.0,0.003228
7,0.0,0.000538
8,0.0,8.2e-05
9,0.0,1.6e-05
10,0.0,0.0
