,$P(pass)$ = 0.504,$P(fail)$ = 0.496
0,6e-05,0.0
1,0.000798,0.0
2,0.004088,0.0
3,0.0142,0.0
4,0.034376,0.0
5,0.06589,0.0
6,0.102848,0.0
7,0.133038,0.0
8,0.149074,0.0
9,0.0,0.143812
10,0.0,0.12191
11,0.0,0.091836
12,0.0,0.062228
13,0.0,0.0375
14,0.0,0.020532
15,0.0,0.010244
16,0.0,0.004534
17,0.0,0.001916
18,0.0,0.0007
19,0.0,0.00028
20,0.0,9e-05
21,0.0,3.2e-05
22,0.0,8e-06
23,0.0,2e-06
24,0.0,2e-06
25,0.0,0.0
