,$P(pass)$ = 0.499,$P(fail)$ = 0.501
0,6e-05,0.0
1,0.00076,0.0
2,0.00425,0.0
3,0.01328,0.0
4,0.0335,0.0
5,0.06385,0.0
6,0.10045,0.0
7,0.13531,0.0
8,0.14745,0.0
9,0.0,0.14427
10,0.0,0.12195
11,0.0,0.09253
12,0.0,0.0639
13,0.0,0.0382
14,0.0,0.02148
15,0.0,0.01011
16,0.0,0.00488
17,0.0,0.00234
18,0.0,0.00081
19,0.0,0.00026
20,0.0,8e-05
21,0.0,2e-05
22,0.0,1e-05
23,0.0,0.0
