,$P(pass)$ = 0.059,$P(fail)$ = 0.941
0,2e-06,0.0
1,2e-05,0.0
2,0.000156,0.0
3,0.000584,0.0
4,0.002424,0.0
5,0.006732,0.0
6,0.016318,0.0
7,0.032766,0.0
8,0.0,0.05641
9,0.0,0.083002
10,0.0,0.108436
11,0.0,0.125848
12,0.0,0.130418
13,0.0,0.120674
14,0.0,0.103174
15,0.0,0.079696
16,0.0,0.055408
17,0.0,0.035402
18,0.0,0.020976
19,0.0,0.01149
20,0.0,0.00569
21,0.0,0.002616
22,0.0,0.001088
23,0.0,0.00041
24,0.0,0.000172
25,0.0,5.4e-05
26,0.0,2.6e-05
27,0.0,6e-06
28,0.0,0.0
