,$P(pass)$ = 0.282,$P(fail)$ = 0.718
0,4.6e-05,0.0
1,0.00047,0.0
2,0.002568,0.0
3,0.009168,0.0
4,0.023672,0.0
5,0.049008,0.0
6,0.082272,0.0
7,0.11516,0.0
8,0.0,0.139458
9,0.0,0.145266
10,0.0,0.133168
11,0.0,0.10813
12,0.0,0.079346
13,0.0,0.051784
14,0.0,0.03023
15,0.0,0.016184
16,0.0,0.008106
17,0.0,0.00372
18,0.0,0.001456
19,0.0,0.000542
20,0.0,0.00018
21,0.0,5.4e-05
22,0.0,8e-06
23,0.0,2e-06
24,0.0,0.0
