,$P(pass)$ = 0.070,$P(fail)$ = 0.930
0,2.8e-05,0.0
1,0.000252,0.0
2,0.001586,0.0
3,0.006518,0.0
4,0.019118,0.0
5,0.042414,0.0
6,0.0,0.076888
7,0.0,0.114794
8,0.0,0.14381
9,0.0,0.151656
10,0.0,0.141866
11,0.0,0.113968
12,0.0,0.081222
13,0.0,0.051592
14,0.0,0.029298
15,0.0,0.014496
16,0.0,0.00638
17,0.0,0.002674
18,0.0,0.00099
19,0.0,0.00031
20,0.0,9.6e-05
21,0.0,3.2e-05
22,0.0,1e-05
23,0.0,0.0
