,$P(pass)$ = 0.894,$P(fail)$ = 0.106
0,0.005458,0.0
1,0.030766,0.0
2,0.08355,0.0
3,0.147024,0.0
4,0.18722,0.0
5,0.187064,0.0
6,0.15048,0.0
7,0.102334,0.0
8,0.0,0.05843
9,0.0,0.028652
10,0.0,0.011948
11,0.0,0.00479
12,0.0,0.00159
13,0.0,0.000512
14,0.0,0.000136
15,0.0,3.4e-05
16,0.0,1e-05
17,0.0,0.0
