,$P(pass)$ = 0.959,$P(fail)$ = 0.041
0,0.234952,0.0
1,0.359134,0.0
2,0.254256,0.0
3,0.11031,0.0
4,0.0,0.032794
5,0.0,0.007246
6,0.0,0.001122
7,0.0,0.00016
8,0.0,2.2e-05
9,0.0,2e-06
10,0.0,0.0
