,$P(pass)$ = 0.176,$P(fail)$ = 0.824
0,1e-05,0.0
1,9.2e-05,0.0
2,0.000734,0.0
3,0.003192,0.0
4,0.010416,0.0
5,0.025416,0.0
6,0.05136,0.0
7,0.085144,0.0
8,0.0,0.117484
9,0.0,0.140322
10,0.0,0.145812
11,0.0,0.13318
12,0.0,0.106378
13,0.0,0.076588
14,0.0,0.049144
15,0.0,0.02844
16,0.0,0.014812
17,0.0,0.006816
18,0.0,0.002868
19,0.0,0.00116
20,0.0,0.00044
21,0.0,0.000138
22,0.0,3e-05
23,0.0,1.8e-05
24,0.0,4e-06
25,0.0,0.0
