,$P(pass)$ = 0.477,$P(fail)$ = 0.523
0,0.055396,0.0
1,0.169952,0.0
2,0.251334,0.0
3,0.0,0.235364
4,0.0,0.158872
5,0.0,0.081234
6,0.0,0.032972
7,0.0,0.011
8,0.0,0.003014
9,0.0,0.000686
10,0.0,0.000146
11,0.0,2.2e-05
12,0.0,4e-06
13,0.0,2e-06
14,0.0,0.0
