,$P(pass)$ = 0.177,$P(fail)$ = 0.823
0,1e-05,0.0
1,0.0001,0.0
2,0.000744,0.0
3,0.003286,0.0
4,0.010586,0.0
5,0.025818,0.0
6,0.051258,0.0
7,0.084992,0.0
8,0.0,0.11748
9,0.0,0.14085
10,0.0,0.144798
11,0.0,0.132668
12,0.0,0.107676
13,0.0,0.076594
14,0.0,0.048878
15,0.0,0.028042
16,0.0,0.014536
17,0.0,0.006976
18,0.0,0.00294
19,0.0,0.00119
20,0.0,0.000406
21,0.0,0.000118
22,0.0,3.8e-05
23,0.0,1.2e-05
24,0.0,0.0
25,0.0,2e-06
26,0.0,0.0
