,$P(pass)$ = 0.154,$P(fail)$ = 0.846
0,1.8e-05,0.0
1,0.000346,0.0
2,0.002004,0.0
3,0.007492,0.0
4,0.020554,0.0
5,0.04502,0.0
6,0.078214,0.0
7,0.0,0.114138
8,0.0,0.140296
9,0.0,0.149798
10,0.0,0.138106
11,0.0,0.112376
12,0.0,0.081312
13,0.0,0.052412
14,0.0,0.030168
15,0.0,0.015586
16,0.0,0.007242
17,0.0,0.003104
18,0.0,0.001252
19,0.0,0.000402
20,0.0,0.000118
21,0.0,2.8e-05
22,0.0,8e-06
23,0.0,0.0
24,0.0,4e-06
25,0.0,0.0
