,$P(pass)$ = 0.642,$P(fail)$ = 0.358
0,0.037854,0.0
1,0.134168,0.0
2,0.227552,0.0
3,0.242348,0.0
4,0.0,0.18217
5,0.0,0.104636
6,0.0,0.047342
7,0.0,0.017154
8,0.0,0.005196
9,0.0,0.001244
10,0.0,0.000278
11,0.0,4.4e-05
12,0.0,6e-06
13,0.0,4e-06
14,0.0,2e-06
15,0.0,0.0
