,$P(pass)$ = 0.352,$P(fail)$ = 0.648
0,9e-05,0.0
1,0.00094,0.0
2,0.00402,0.0
3,0.01374,0.0
4,0.03369,0.0
5,0.0665,0.0
6,0.10227,0.0
7,0.13084,0.0
8,0.0,0.14814
9,0.0,0.14272
10,0.0,0.12414
11,0.0,0.09262
12,0.0,0.06242
13,0.0,0.03756
14,0.0,0.0214
15,0.0,0.01069
16,0.0,0.00477
17,0.0,0.002
18,0.0,0.00088
19,0.0,0.00023
20,0.0,6e-05
21,0.0,2e-05
22,0.0,1e-05
23,0.0,0.0
