,$P(pass)$ = 0.430,$P(fail)$ = 0.570
0,0.00012,0.0
1,0.00138,0.0
2,0.00623,0.0
3,0.01991,0.0
4,0.0473,0.0
5,0.08473,0.0
6,0.12272,0.0
7,0.14764,0.0
8,0.0,0.15459
9,0.0,0.13593
10,0.0,0.10784
11,0.0,0.07495
12,0.0,0.04631
13,0.0,0.02621
14,0.0,0.01386
15,0.0,0.0064
16,0.0,0.00215
17,0.0,0.001
18,0.0,0.00029
19,0.0,0.00013
20,0.0,2e-05
21,0.0,2e-05
22,0.0,2e-05
23,0.0,0.0
