,$P(pass)$ = 0.503,$P(fail)$ = 0.497
0,0.000108,0.0
1,0.000808,0.0
2,0.004214,0.0
3,0.013838,0.0
4,0.034682,0.0
5,0.065068,0.0
6,0.102096,0.0
7,0.133256,0.0
8,0.14936,0.0
9,0.0,0.143524
10,0.0,0.12251
11,0.0,0.092604
12,0.0,0.062148
13,0.0,0.037418
14,0.0,0.020386
15,0.0,0.01029
16,0.0,0.004564
17,0.0,0.001978
18,0.0,0.00073
19,0.0,0.000276
20,0.0,0.000102
21,0.0,2.8e-05
22,0.0,1e-05
23,0.0,0.0
