,$P(pass)$ = 0.504,$P(fail)$ = 0.496
0,8.4e-05,0.0
1,0.000852,0.0
2,0.004326,0.0
3,0.01382,0.0
4,0.03448,0.0
5,0.066254,0.0
6,0.102824,0.0
7,0.132912,0.0
8,0.148672,0.0
9,0.0,0.14348
10,0.0,0.122694
11,0.0,0.091494
12,0.0,0.062608
13,0.0,0.03716
14,0.0,0.020674
15,0.0,0.010168
16,0.0,0.004532
17,0.0,0.001898
18,0.0,0.000698
19,0.0,0.000256
20,0.0,8.4e-05
21,0.0,2.2e-05
22,0.0,6e-06
23,0.0,0.0
