,$P(pass)$ = 0.023,$P(fail)$ = 0.977
0,0.0,0.0
1,0.0,0.0
2,2.6e-05,0.0
3,0.000142,0.0
4,0.00065,0.0
5,0.00226,0.0
6,0.006026,0.0
7,0.01393,0.0
8,0.0,0.027558
9,0.0,0.047272
10,0.0,0.07205
11,0.0,0.095724
12,0.0,0.115604
13,0.0,0.12523
14,0.0,0.123134
15,0.0,0.109072
16,0.0,0.088314
17,0.0,0.06612
18,0.0,0.044984
19,0.0,0.028588
20,0.0,0.016702
21,0.0,0.008844
22,0.0,0.004398
23,0.0,0.00192
24,0.0,0.00086
25,0.0,0.000372
26,0.0,0.000156
27,0.0,3.8e-05
28,0.0,1.8e-05
29,0.0,6e-06
30,0.0,0.0
