,$P(pass)$ = 0.016,$P(fail)$ = 0.984
0,0.0,0.0
1,0.0,0.0
2,1.2e-05,0.0
3,6e-05,0.0
4,0.000324,0.0
5,0.001392,0.0
6,0.00416,0.0
7,0.010416,0.0
8,0.0,0.022472
9,0.0,0.042278
10,0.0,0.066814
11,0.0,0.09456
12,0.0,0.117064
13,0.0,0.13022
14,0.0,0.130064
15,0.0,0.116092
16,0.0,0.09482
17,0.0,0.06882
18,0.0,0.045082
19,0.0,0.027296
20,0.0,0.014888
21,0.0,0.007546
22,0.0,0.003348
23,0.0,0.001438
24,0.0,0.00054
25,0.0,0.00019
26,0.0,8.4e-05
27,0.0,8e-06
28,0.0,8e-06
29,0.0,2e-06
30,0.0,0.0
