,$P(pass)$ = 0.018,$P(fail)$ = 0.982
0,0.002204,0.0
1,0.015678,0.0
2,0.0,0.052406
3,0.0,0.11327
4,0.0,0.17129
5,0.0,0.1979
6,0.0,0.17843
7,0.0,0.129086
8,0.0,0.0772
9,0.0,0.038474
10,0.0,0.01613
11,0.0,0.005716
12,0.0,0.001696
13,0.0,0.000408
14,0.0,9e-05
15,0.0,1.8e-05
16,0.0,2e-06
17,0.0,0.0
