,$P(pass)$ = 0.884,$P(fail)$ = 0.116
0,0.011388,0.0
1,0.054704,0.0
2,0.126202,0.0
3,0.190324,0.0
4,0.2084,0.0
5,0.174526,0.0
6,0.118662,0.0
7,0.0,0.06584
8,0.0,0.0311
9,0.0,0.012562
10,0.0,0.00447
11,0.0,0.001338
12,0.0,0.000354
13,0.0,0.00011
14,0.0,1e-05
15,0.0,8e-06
16,0.0,0.0
