,$P(pass)$ = 0.237,$P(fail)$ = 0.763
0,0.003788,0.0
1,0.023892,0.0
2,0.072864,0.0
3,0.136846,0.0
4,0.0,0.186966
5,0.0,0.19639
6,0.0,0.161002
7,0.0,0.109476
8,0.0,0.061668
9,0.0,0.02939
10,0.0,0.011948
11,0.0,0.004234
12,0.0,0.001138
13,0.0,0.00031
14,0.0,6.4e-05
15,0.0,1.6e-05
16,0.0,4e-06
17,0.0,2e-06
18,0.0,0.0
