,$P(pass)$ = 0.001,$P(fail)$ = 0.999
0,0.0,0.0
1,2e-06,0.0
2,2e-05,0.0
3,0.000106,0.0
4,0.000632,0.0
5,0.0,0.002182
6,0.0,0.006282
7,0.0,0.015612
8,0.0,0.031456
9,0.0,0.055006
10,0.0,0.084402
11,0.0,0.112048
12,0.0,0.132166
13,0.0,0.136524
14,0.0,0.126806
15,0.0,0.10509
16,0.0,0.077812
17,0.0,0.05204
18,0.0,0.030816
19,0.0,0.016798
20,0.0,0.008236
21,0.0,0.003636
22,0.0,0.001498
23,0.0,0.000558
24,0.0,0.000186
25,0.0,7e-05
26,0.0,6e-06
27,0.0,6e-06
28,0.0,2e-06
29,0.0,0.0
