,$P(pass)$ = 0.818,$P(fail)$ = 0.182
0,0.007272,0.0
1,0.037366,0.0
2,0.096158,0.0
3,0.157832,0.0
4,0.192942,0.0
5,0.183886,0.0
6,0.142284,0.0
7,0.0,0.091838
8,0.0,0.050662
9,0.0,0.02444
10,0.0,0.00984
11,0.0,0.00372
12,0.0,0.00124
13,0.0,0.000388
14,0.0,9.8e-05
15,0.0,2.4e-05
16,0.0,8e-06
17,0.0,0.0
