,$P(pass)$ = 0.234,$P(fail)$ = 0.766
0,0.003742,0.0
1,0.023486,0.0
2,0.070908,0.0
3,0.135966,0.0
4,0.0,0.18648
5,0.0,0.19534
6,0.0,0.163358
7,0.0,0.110104
8,0.0,0.062976
9,0.0,0.029844
10,0.0,0.011944
11,0.0,0.00407
12,0.0,0.001374
13,0.0,0.000344
14,0.0,4.8e-05
15,0.0,1.4e-05
16,0.0,0.0
