,$P(pass)$ = 0.001,$P(fail)$ = 0.999
0,2e-06,0.0
1,5e-05,0.0
2,0.000458,0.0
3,0.0,0.002294
4,0.0,0.008192
5,0.0,0.021672
6,0.0,0.046476
7,0.0,0.080336
8,0.0,0.119068
9,0.0,0.147144
10,0.0,0.154378
11,0.0,0.140354
12,0.0,0.111216
13,0.0,0.077998
14,0.0,0.046848
15,0.0,0.024804
16,0.0,0.011434
17,0.0,0.004814
18,0.0,0.001718
19,0.0,0.000526
20,0.0,0.000174
21,0.0,3e-05
22,0.0,1.2e-05
23,0.0,0.0
