,$P(pass)$ = 0.417,$P(fail)$ = 0.583
0,1e-05,0.0
1,0.000156,0.0
2,0.000924,0.0
3,0.00408,0.0
4,0.011618,0.0
5,0.027256,0.0
6,0.050372,0.0
7,0.080124,0.0
8,0.110818,0.0
9,0.13154,0.0
10,0.0,0.137924
11,0.0,0.128498
12,0.0,0.106986
13,0.0,0.080884
14,0.0,0.055274
15,0.0,0.034436
16,0.0,0.020222
17,0.0,0.010386
18,0.0,0.004846
19,0.0,0.002218
20,0.0,0.000918
21,0.0,0.000326
22,0.0,0.00013
23,0.0,4e-05
24,0.0,4e-06
25,0.0,6e-06
26,0.0,0.0
27,0.0,2e-06
28,0.0,0.0
