,$P(pass)$ = 0.764,$P(fail)$ = 0.236
0,0.01196,0.0
1,0.056636,0.0
2,0.12798,0.0
3,0.189332,0.0
4,0.205304,0.0
5,0.172864,0.0
6,0.0,0.117744
7,0.0,0.066466
8,0.0,0.031642
9,0.0,0.013152
10,0.0,0.00475
11,0.0,0.001552
12,0.0,0.000484
13,0.0,0.000102
14,0.0,2.6e-05
15,0.0,4e-06
16,0.0,0.0
