,$P(pass)$ = 0.942,$P(fail)$ = 0.058
0,0.00816,0.0
1,0.043322,0.0
2,0.110544,0.0
3,0.179274,0.0
4,0.208466,0.0
5,0.184908,0.0
6,0.131136,0.0
7,0.07571,0.0
8,0.0,0.036296
9,0.0,0.014888
10,0.0,0.005168
11,0.0,0.001584
12,0.0,0.000426
13,0.0,8.6e-05
14,0.0,2.2e-05
15,0.0,8e-06
16,0.0,0.0
