,$P(pass)$ = 0.081,$P(fail)$ = 0.919
0,3.6e-05,0.0
1,0.000334,0.0
2,0.002078,0.0
3,0.008002,0.0
4,0.02243,0.0
5,0.048054,0.0
6,0.0,0.084352
7,0.0,0.120966
8,0.0,0.147548
9,0.0,0.152144
10,0.0,0.13827
11,0.0,0.108178
12,0.0,0.075598
13,0.0,0.046278
14,0.0,0.025286
15,0.0,0.012032
16,0.0,0.005284
17,0.0,0.002072
18,0.0,0.000688
19,0.0,0.000256
20,0.0,9.2e-05
21,0.0,1.6e-05
22,0.0,2e-06
23,0.0,2e-06
24,0.0,0.0
