,$P(pass)$ = 0.817,$P(fail)$ = 0.183
0,0.00736,0.0
1,0.037192,0.0
2,0.094788,0.0
3,0.157636,0.0
4,0.193644,0.0
5,0.184444,0.0
6,0.142096,0.0
7,0.0,0.092052
8,0.0,0.050788
9,0.0,0.024432
10,0.0,0.010198
11,0.0,0.00355
12,0.0,0.001314
13,0.0,0.000396
14,0.0,8.4e-05
15,0.0,1.8e-05
16,0.0,2e-06
17,0.0,4e-06
18,0.0,0.0
