,$P(pass)$ = 0.352,$P(fail)$ = 0.648
0,9.6e-05,0.0
1,0.00084,0.0
2,0.00428,0.0
3,0.013714,0.0
4,0.033486,0.0
5,0.065586,0.0
6,0.101574,0.0
7,0.13215,0.0
8,0.0,0.148638
9,0.0,0.14372
10,0.0,0.122124
11,0.0,0.093152
12,0.0,0.063194
13,0.0,0.038212
14,0.0,0.02083
15,0.0,0.010568
16,0.0,0.004678
17,0.0,0.001958
18,0.0,0.00076
19,0.0,0.000312
20,0.0,9.8e-05
21,0.0,1.8e-05
22,0.0,8e-06
23,0.0,2e-06
24,0.0,0.0
