,$P(pass)$ = 0.180,$P(fail)$ = 0.820
0,1.4e-05,0.0
1,0.000106,0.0
2,0.000862,0.0
3,0.003376,0.0
4,0.010966,0.0
5,0.026446,0.0
6,0.052334,0.0
7,0.085628,0.0
8,0.0,0.118752
9,0.0,0.140606
10,0.0,0.146338
11,0.0,0.131884
12,0.0,0.105456
13,0.0,0.075222
14,0.0,0.048496
15,0.0,0.027986
16,0.0,0.014352
17,0.0,0.006606
18,0.0,0.002918
19,0.0,0.001076
20,0.0,0.00041
21,0.0,0.00013
22,0.0,2.4e-05
23,0.0,8e-06
24,0.0,2e-06
25,0.0,0.0
