,$P(pass)$ = 0.001,$P(fail)$ = 0.999
0,0.0,0.0
1,2e-06,0.0
2,2.2e-05,0.0
3,0.000112,0.0
4,0.000596,0.0
5,0.0,0.00213
6,0.0,0.006492
7,0.0,0.0153
8,0.0,0.031376
9,0.0,0.055316
10,0.0,0.084174
11,0.0,0.11203
12,0.0,0.131598
13,0.0,0.136838
14,0.0,0.126946
15,0.0,0.10495
16,0.0,0.077918
17,0.0,0.051538
18,0.0,0.03146
19,0.0,0.01697
20,0.0,0.00826
21,0.0,0.00374
22,0.0,0.001438
23,0.0,0.000556
24,0.0,0.00015
25,0.0,5.6e-05
26,0.0,2e-05
27,0.0,1e-05
28,0.0,0.0
