,$P(pass)$ = 0.732,$P(fail)$ = 0.268
0,0.001274,0.0
1,0.009284,0.0
2,0.033424,0.0
3,0.075466,0.0
4,0.12558,0.0
5,0.16317,0.0
6,0.171974,0.0
7,0.151586,0.0
8,0.0,0.11472
9,0.0,0.075374
10,0.0,0.042274
11,0.0,0.020902
12,0.0,0.0092
13,0.0,0.003726
14,0.0,0.001392
15,0.0,0.000458
16,0.0,0.000158
17,0.0,3e-05
18,0.0,6e-06
19,0.0,0.0
