,$P(pass)$ = 0.503,$P(fail)$ = 0.497
0,8.6e-05,0.0
1,0.000802,0.0
2,0.004318,0.0
3,0.014142,0.0
4,0.034768,0.0
5,0.065154,0.0
6,0.102468,0.0
7,0.132946,0.0
8,0.148292,0.0
9,0.0,0.144382
10,0.0,0.121802
11,0.0,0.092686
12,0.0,0.061926
13,0.0,0.037674
14,0.0,0.020552
15,0.0,0.01046
16,0.0,0.004588
17,0.0,0.001866
18,0.0,0.00074
19,0.0,0.000244
20,0.0,7.8e-05
21,0.0,2.2e-05
22,0.0,2e-06
23,0.0,0.0
