,$P(pass)$ = 0.178,$P(fail)$ = 0.822
0,0.177526,0.0
1,0.0,0.324342
2,0.0,0.27874
3,0.0,0.14687
4,0.0,0.05418
5,0.0,0.014754
6,0.0,0.002954
7,0.0,0.000542
8,0.0,7.6e-05
9,0.0,1e-05
10,0.0,4e-06
11,0.0,0.0
