,$P(pass)$ = 0.956,$P(fail)$ = 0.044
0,0.01424,0.0
1,0.06398,0.0
2,0.13905,0.0
3,0.19804,0.0
4,0.206412,0.0
5,0.165656,0.0
6,0.109346,0.0
7,0.05951,0.0
8,0.0,0.027554
9,0.0,0.010854
10,0.0,0.003834
11,0.0,0.001152
12,0.0,0.000284
13,0.0,6.6e-05
14,0.0,1.8e-05
15,0.0,2e-06
16,0.0,0.0
