,$P(pass)$ = 0.185,$P(fail)$ = 0.815
0,6e-06,0.0
1,0.000148,0.0
2,0.000876,0.0
3,0.003806,0.0
4,0.011572,0.0
5,0.02826,0.0
6,0.053816,0.0
7,0.086556,0.0
8,0.0,0.117144
9,0.0,0.138898
10,0.0,0.143326
11,0.0,0.129566
12,0.0,0.10541
13,0.0,0.075102
14,0.0,0.049096
15,0.0,0.028898
16,0.0,0.014972
17,0.0,0.007426
18,0.0,0.003124
19,0.0,0.001264
20,0.0,0.000478
21,0.0,0.00019
22,0.0,5.8e-05
23,0.0,4e-06
24,0.0,2e-06
25,0.0,0.0
