,$P(pass)$ = 0.503,$P(fail)$ = 0.497
0,1e-05,0.0
1,0.0003,0.0
2,0.00155,0.0
3,0.0066,0.0
4,0.0174,0.0
5,0.03867,0.0
6,0.06773,0.0
7,0.10145,0.0
8,0.1279,0.0
9,0.14101,0.0
10,0.0,0.13873
11,0.0,0.11906
12,0.0,0.09241
13,0.0,0.06367
14,0.0,0.03873
15,0.0,0.0225
16,0.0,0.01202
17,0.0,0.00597
18,0.0,0.00243
19,0.0,0.00102
20,0.0,0.00039
21,0.0,0.00016
22,0.0,1e-05
23,0.0,2e-05
24,0.0,0.0
25,0.0,1e-05
26,0.0,0.0
