,$P(pass)$ = 0.891,$P(fail)$ = 0.109
0,0.00586,0.0
1,0.031828,0.0
2,0.083332,0.0
3,0.146706,0.0
4,0.185382,0.0
5,0.185588,0.0
6,0.150006,0.0
7,0.101802,0.0
8,0.0,0.05882
9,0.0,0.029846
10,0.0,0.013162
11,0.0,0.005088
12,0.0,0.001848
13,0.0,0.00051
14,0.0,0.000156
15,0.0,4.8e-05
16,0.0,1.4e-05
17,0.0,2e-06
18,0.0,0.0
