,$P(pass)$ = 0.437,$P(fail)$ = 0.563
0,0.00012,0.0
1,0.001136,0.0
2,0.00591,0.0
3,0.01908,0.0
4,0.045686,0.0
5,0.084554,0.0
6,0.12614,0.0
7,0.154174,0.0
8,0.0,0.158658
9,0.0,0.14076
10,0.0,0.108062
11,0.0,0.072466
12,0.0,0.043494
13,0.0,0.022312
14,0.0,0.010574
15,0.0,0.004352
16,0.0,0.001668
17,0.0,0.000604
18,0.0,0.000188
19,0.0,5.2e-05
20,0.0,6e-06
21,0.0,2e-06
22,0.0,0.0
