,$P(pass)$ = 0.995,$P(fail)$ = 0.005
0,0.897714,0.0
1,0.09775,0.0
2,0.0,0.004432
3,0.0,0.000102
4,0.0,0.0
