,$P(pass)$ = 0.931,$P(fail)$ = 0.069
0,0.004204,0.0
1,0.02443,0.0
2,0.068792,0.0
3,0.127358,0.0
4,0.173922,0.0
5,0.18382,0.0
6,0.160556,0.0
7,0.115904,0.0
8,0.072056,0.0
9,0.0,0.03871
10,0.0,0.018284
11,0.0,0.007746
12,0.0,0.00289
13,0.0,0.000962
14,0.0,0.000274
15,0.0,6.4e-05
16,0.0,1.8e-05
17,0.0,8e-06
18,0.0,0.0
