,$P(pass)$ = 0.884,$P(fail)$ = 0.116
0,0.011148,0.0
1,0.054708,0.0
2,0.12679,0.0
3,0.190732,0.0
4,0.207278,0.0
5,0.175092,0.0
6,0.117872,0.0
7,0.0,0.066014
8,0.0,0.0316
9,0.0,0.012626
10,0.0,0.004404
11,0.0,0.001298
12,0.0,0.000326
13,0.0,9.4e-05
14,0.0,1.6e-05
15,0.0,0.0
