,$P(pass)$ = 0.932,$P(fail)$ = 0.068
0,0.00419,0.0
1,0.02351,0.0
2,0.06772,0.0
3,0.12603,0.0
4,0.17107,0.0
5,0.18703,0.0
6,0.16233,0.0
7,0.11705,0.0
8,0.07268,0.0
9,0.0,0.03858
10,0.0,0.01883
11,0.0,0.00707
12,0.0,0.00259
13,0.0,0.00073
14,0.0,0.00027
15,0.0,3e-05
16,0.0,4e-05
17,0.0,0.0
