,$P(pass)$ = 0.932,$P(fail)$ = 0.068
0,0.003866,0.0
1,0.023326,0.0
2,0.066952,0.0
3,0.126164,0.0
4,0.172894,0.0
5,0.186976,0.0
6,0.161958,0.0
7,0.11832,0.0
8,0.071784,0.0
9,0.0,0.038648
10,0.0,0.017574
11,0.0,0.007616
12,0.0,0.002666
13,0.0,0.00087
14,0.0,0.000272
15,0.0,7.8e-05
16,0.0,2.8e-05
17,0.0,6e-06
18,0.0,0.0
