,$P(pass)$ = 0.094,$P(fail)$ = 0.906
0,0.000154,0.0
1,0.001694,0.0
2,0.008342,0.0
3,0.025914,0.0
4,0.058118,0.0
5,0.0,0.10141
6,0.0,0.141372
7,0.0,0.162132
8,0.0,0.157974
9,0.0,0.131398
10,0.0,0.09356
11,0.0,0.059002
12,0.0,0.032342
13,0.0,0.015904
14,0.0,0.006808
15,0.0,0.002628
16,0.0,0.000872
17,0.0,0.0003
18,0.0,5.6e-05
19,0.0,1.6e-05
20,0.0,0.0
21,0.0,0.0
22,0.0,2e-06
23,0.0,0.0
