,$P(pass)$ = 0.124,$P(fail)$ = 0.876
0,7e-05,0.0
1,0.000756,0.0
2,0.004088,0.0
3,0.014338,0.0
4,0.035672,0.0
5,0.068596,0.0
6,0.0,0.10942
7,0.0,0.142796
8,0.0,0.155574
9,0.0,0.147168
10,0.0,0.120366
11,0.0,0.087218
12,0.0,0.055396
13,0.0,0.031466
14,0.0,0.01546
15,0.0,0.007218
16,0.0,0.002924
17,0.0,0.001022
18,0.0,0.00032
19,0.0,9.8e-05
20,0.0,2.4e-05
21,0.0,6e-06
22,0.0,2e-06
23,0.0,0.0
