,$P(pass)$ = 0.180,$P(fail)$ = 0.820
0,0.179542,0.0
1,0.0,0.323932
2,0.0,0.275798
3,0.0,0.146728
4,0.0,0.054774
5,0.0,0.015252
6,0.0,0.003322
7,0.0,0.000564
8,0.0,7e-05
9,0.0,1.6e-05
10,0.0,0.0
