,$P(pass)$ = 0.491,$P(fail)$ = 0.509
0,0.02063,0.0
1,0.084132,0.0
2,0.169228,0.0
3,0.21721,0.0
4,0.0,0.204294
5,0.0,0.148712
6,0.0,0.087474
7,0.0,0.042188
8,0.0,0.017368
9,0.0,0.006304
10,0.0,0.001836
11,0.0,0.000456
12,0.0,0.000126
13,0.0,3.4e-05
14,0.0,6e-06
15,0.0,0.0
