,$P(pass)$ = 0.437,$P(fail)$ = 0.563
0,0.00011,0.0
1,0.001202,0.0
2,0.006096,0.0
3,0.019374,0.0
4,0.04614,0.0
5,0.085528,0.0
6,0.12469,0.0
7,0.153858,0.0
8,0.0,0.159662
9,0.0,0.140952
10,0.0,0.10794
11,0.0,0.072876
12,0.0,0.042512
13,0.0,0.022126
14,0.0,0.01021
15,0.0,0.004364
16,0.0,0.001646
17,0.0,0.000496
18,0.0,0.00016
19,0.0,4e-05
20,0.0,1.4e-05
21,0.0,2e-06
22,0.0,0.0
