,$P(pass)$ = 0.020,$P(fail)$ = 0.980
0,0.0,0.0
1,6e-06,0.0
2,5e-05,0.0
3,0.000322,0.0
4,0.00157,0.0
5,0.005032,0.0
6,0.012848,0.0
7,0.0,0.02868
8,0.0,0.051338
9,0.0,0.08177
10,0.0,0.110068
11,0.0,0.131862
12,0.0,0.13876
13,0.0,0.129348
14,0.0,0.107488
15,0.0,0.081426
16,0.0,0.053806
17,0.0,0.032424
18,0.0,0.017924
19,0.0,0.008864
20,0.0,0.003942
21,0.0,0.001544
22,0.0,0.000646
23,0.0,0.000214
24,0.0,5.2e-05
25,0.0,8e-06
26,0.0,6e-06
27,0.0,0.0
