,$P(pass)$ = 0.492,$P(fail)$ = 0.508
0,0.020628,0.0
1,0.084048,0.0
2,0.1698,0.0
3,0.217282,0.0
4,0.0,0.203816
5,0.0,0.14892
6,0.0,0.087102
7,0.0,0.042322
8,0.0,0.017284
9,0.0,0.006316
10,0.0,0.001846
11,0.0,0.000508
12,0.0,0.0001
13,0.0,2.2e-05
14,0.0,4e-06
15,0.0,0.0
