,$P(pass)$ = 0.348,$P(fail)$ = 0.652
0,0.099448,0.0
1,0.24815,0.0
2,0.0,0.28649
3,0.0,0.206724
4,0.0,0.104872
5,0.0,0.039646
6,0.0,0.011482
7,0.0,0.002642
8,0.0,0.000456
9,0.0,8.2e-05
10,0.0,6e-06
11,0.0,0.0
