,$P(pass)$ = 0.128,$P(fail)$ = 0.872
0,1e-05,0.0
1,6e-05,0.0
2,0.0006,0.0
3,0.00194,0.0
4,0.00684,0.0
5,0.01739,0.0
6,0.03691,0.0
7,0.06371,0.0
8,0.0,0.09433
9,0.0,0.12033
10,0.0,0.13674
11,0.0,0.13584
12,0.0,0.11919
13,0.0,0.09599
14,0.0,0.06885
15,0.0,0.04533
16,0.0,0.02789
17,0.0,0.01462
18,0.0,0.00768
19,0.0,0.00334
20,0.0,0.00132
21,0.0,0.00054
22,0.0,0.00017
23,0.0,0.00011
24,0.0,0.0
25,0.0,2e-05
26,0.0,0.0
