,$P(pass)$ = 0.972,$P(fail)$ = 0.028
0,0.481032,0.0
1,0.367362,0.0
2,0.123764,0.0
3,0.0,0.024436
4,0.0,0.003098
5,0.0,0.000296
6,0.0,1e-05
7,0.0,0.0
