,$P(pass)$ = 0.500,$P(fail)$ = 0.500
0,0.0001,0.0
1,0.00086,0.0
2,0.0042,0.0
3,0.01415,0.0
4,0.03295,0.0
5,0.06486,0.0
6,0.10254,0.0
7,0.13224,0.0
8,0.1483,0.0
9,0.0,0.14566
10,0.0,0.12398
11,0.0,0.09145
12,0.0,0.06233
13,0.0,0.03718
14,0.0,0.02078
15,0.0,0.00989
16,0.0,0.00502
17,0.0,0.00206
18,0.0,0.00085
19,0.0,0.00026
20,0.0,6e-05
21,0.0,3e-05
22,0.0,0.0
