,$P(pass)$ = 0.017,$P(fail)$ = 0.983
0,0.017384,0.0
1,0.0,0.080888
2,0.0,0.172618
3,0.0,0.231912
4,0.0,0.215
5,0.0,0.150036
6,0.0,0.081478
7,0.0,0.034652
8,0.0,0.011876
9,0.0,0.003206
10,0.0,0.000792
11,0.0,0.00013
12,0.0,2.4e-05
13,0.0,2e-06
14,0.0,0.0
