,$P(pass)$ = 0.179,$P(fail)$ = 0.821
0,0.178756,0.0
1,0.0,0.324762
2,0.0,0.275778
3,0.0,0.146484
4,0.0,0.055
5,0.0,0.015178
6,0.0,0.003426
7,0.0,0.000544
8,0.0,5.4e-05
9,0.0,1.4e-05
10,0.0,2e-06
11,0.0,0.0
