,$P(pass)$ = 0.254,$P(fail)$ = 0.746
0,0.06454,0.0
1,0.189664,0.0
2,0.0,0.26362
3,0.0,0.231674
4,0.0,0.145414
5,0.0,0.069058
6,0.0,0.025774
7,0.0,0.007848
8,0.0,0.001934
9,0.0,0.000376
10,0.0,8.6e-05
11,0.0,6e-06
12,0.0,2e-06
13,0.0,2e-06
14,0.0,0.0
