,$P(pass)$ = 0.393,$P(fail)$ = 0.607
0,0.120504,0.0
1,0.27241,0.0
2,0.0,0.288792
3,0.0,0.190582
4,0.0,0.087534
5,0.0,0.03003
6,0.0,0.00811
7,0.0,0.001718
8,0.0,0.000276
9,0.0,3.6e-05
10,0.0,6e-06
11,0.0,0.0
