,$P(pass) = 0.996 \pm 0.00018$,$P(fail) = 0.0043 \pm 0.00018$,P(X=x),err_lower,err_upper
0,0.8971221726696398,0.0,0.8971221726696398,0.0008420478040271906,0.0008420478040271906
1,0.09852808831470111,0.0,0.09852808831470111,0.0008260497200581612,0.0008260497200581612
2,0.0,0.004227746335219887,0.004227746335219887,0.00017983927029110915,0.00017983927029110915
3,0.0,0.00012199268043917365,0.00012199268043917365,3.0611911937873356e-05,3.061191193787337e-05
4,0.0,0.0,0.0,0.0,0.0
