,$P(pass)$ = 0.176,$P(fail)$ = 0.824
0,8e-06,0.0
1,0.000114,0.0
2,0.00067,0.0
3,0.003278,0.0
4,0.010574,0.0
5,0.02599,0.0
6,0.051174,0.0
7,0.084034,0.0
8,0.0,0.117602
9,0.0,0.140632
10,0.0,0.145666
11,0.0,0.13306
12,0.0,0.106972
13,0.0,0.077326
14,0.0,0.048762
15,0.0,0.028102
16,0.0,0.01458
17,0.0,0.006834
18,0.0,0.00294
19,0.0,0.001086
20,0.0,0.000426
21,0.0,0.000108
22,0.0,5.2e-05
23,0.0,6e-06
24,0.0,2e-06
25,0.0,0.0
