,$P(pass)$ = 0.960,$P(fail)$ = 0.040
0,0.00284,0.0
1,0.01843,0.0
2,0.055824,0.0
3,0.111372,0.0
4,0.16133,0.0
5,0.182396,0.0
6,0.16814,0.0
7,0.128384,0.0
8,0.084018,0.0
9,0.047052,0.0
10,0.0,0.02375
11,0.0,0.010326
12,0.0,0.004078
13,0.0,0.00145
14,0.0,0.000422
15,0.0,0.000138
16,0.0,3.2e-05
17,0.0,1.4e-05
18,0.0,2e-06
19,0.0,0.0
