,$P(pass)$ = 0.418,$P(fail)$ = 0.582
0,1e-05,0.0
1,0.00021,0.0
2,0.00105,0.0
3,0.00354,0.0
4,0.01097,0.0
5,0.02714,0.0
6,0.05011,0.0
7,0.08045,0.0
8,0.11205,0.0
9,0.13218,0.0
10,0.0,0.13945
11,0.0,0.13076
12,0.0,0.10813
13,0.0,0.0791
14,0.0,0.05521
15,0.0,0.03325
16,0.0,0.01943
17,0.0,0.00931
18,0.0,0.00436
19,0.0,0.00189
20,0.0,0.00073
21,0.0,0.00026
22,0.0,0.00014
23,0.0,2e-05
24,0.0,0.0
