,$P(pass)$ = 0.964,$P(fail)$ = 0.036
0,0.003226,0.0
1,0.020034,0.0
2,0.0608,0.0
3,0.116756,0.0
4,0.165324,0.0
5,0.184376,0.0
6,0.165212,0.0
7,0.124138,0.0
8,0.079852,0.0
9,0.044368,0.0
10,0.0,0.021464
11,0.0,0.009254
12,0.0,0.003482
13,0.0,0.001184
14,0.0,0.000386
15,0.0,0.000104
16,0.0,3.6e-05
17,0.0,2e-06
18,0.0,0.0
