,$P(pass)$ = 0.150,$P(fail)$ = 0.850
0,0.149912,0.0
1,0.0,0.30122
2,0.0,0.28399
3,0.0,0.167906
4,0.0,0.069368
5,0.0,0.02152
6,0.0,0.005032
7,0.0,0.000892
8,0.0,0.000128
9,0.0,2.8e-05
10,0.0,0.0
11,0.0,2e-06
12,0.0,0.0
