,$P(pass)$ = 0.149,$P(fail)$ = 0.851
0,0.149204,0.0
1,0.0,0.301498
2,0.0,0.285256
3,0.0,0.167818
4,0.0,0.06894
5,0.0,0.021326
6,0.0,0.004918
7,0.0,0.000924
8,0.0,0.0001
9,0.0,1.4e-05
10,0.0,0.0
