,$P(pass)$ = 0.779,$P(fail)$ = 0.221
0,0.00194,0.0
1,0.01304,0.0
2,0.04261,0.0
3,0.09138,0.0
4,0.14206,0.0
5,0.17488,0.0
6,0.16978,0.0
7,0.14313,0.0
8,0.0,0.10156
9,0.0,0.0608
10,0.0,0.03292
11,0.0,0.01535
12,0.0,0.00683
13,0.0,0.00236
14,0.0,0.00078
15,0.0,0.00029
16,0.0,2e-05
17,0.0,1e-05
18,0.0,1e-05
19,0.0,0.0
