,$P(pass)$ = 0.287,$P(fail)$ = 0.713
0,0.000454,0.0
1,0.00362,0.0
2,0.016146,0.0
3,0.044034,0.0
4,0.0878,0.0
5,0.135088,0.0
6,0.0,0.166212
7,0.0,0.1685
8,0.0,0.143914
9,0.0,0.10467
10,0.0,0.065186
11,0.0,0.036016
12,0.0,0.01733
13,0.0,0.007092
14,0.0,0.00265
15,0.0,0.000948
16,0.0,0.000248
17,0.0,7.4e-05
18,0.0,1.2e-05
19,0.0,2e-06
20,0.0,2e-06
21,0.0,0.0
