,$P(pass)$ = 0.960,$P(fail)$ = 0.040
0,0.003032,0.0
1,0.018358,0.0
2,0.056068,0.0
3,0.110236,0.0
4,0.16082,0.0
5,0.183626,0.0
6,0.168116,0.0
7,0.128026,0.0
8,0.08339,0.0
9,0.048194,0.0
10,0.0,0.02375
11,0.0,0.010224
12,0.0,0.004122
13,0.0,0.001386
14,0.0,0.00047
15,0.0,0.000128
16,0.0,3e-05
17,0.0,1.8e-05
18,0.0,4e-06
19,0.0,0.0
