,$P(pass)$ = 0.503,$P(fail)$ = 0.497
0,6.4e-05,0.0
1,0.000798,0.0
2,0.004208,0.0
3,0.013848,0.0
4,0.034958,0.0
5,0.065758,0.0
6,0.102604,0.0
7,0.132752,0.0
8,0.148468,0.0
9,0.0,0.144812
10,0.0,0.121632
11,0.0,0.092548
12,0.0,0.06194
13,0.0,0.037406
14,0.0,0.02044
15,0.0,0.010052
16,0.0,0.004708
17,0.0,0.001924
18,0.0,0.000734
19,0.0,0.000224
20,0.0,8.2e-05
21,0.0,3.4e-05
22,0.0,2e-06
23,0.0,2e-06
24,0.0,0.0
