,$P(pass)$ = 0.507,$P(fail)$ = 0.493
0,8e-05,0.0
1,0.00088,0.0
2,0.00402,0.0
3,0.01443,0.0
4,0.03492,0.0
5,0.06651,0.0
6,0.10373,0.0
7,0.1326,0.0
8,0.14947,0.0
9,0.0,0.14228
10,0.0,0.12263
11,0.0,0.09115
12,0.0,0.06198
13,0.0,0.03628
14,0.0,0.02113
15,0.0,0.01009
16,0.0,0.00455
17,0.0,0.00194
18,0.0,0.00075
19,0.0,0.00022
20,0.0,9e-05
21,0.0,2e-05
22,0.0,0.0
