,$P(pass)$ = 0.418,$P(fail)$ = 0.582
0,8e-06,0.0
1,0.000144,0.0
2,0.000992,0.0
3,0.00391,0.0
4,0.011668,0.0
5,0.026712,0.0
6,0.051064,0.0
7,0.08156,0.0
8,0.110614,0.0
9,0.131304,0.0
10,0.0,0.136764
11,0.0,0.128012
12,0.0,0.107124
13,0.0,0.08061
14,0.0,0.055738
15,0.0,0.03486
16,0.0,0.019948
17,0.0,0.010236
18,0.0,0.005042
19,0.0,0.002184
20,0.0,0.000998
21,0.0,0.000338
22,0.0,0.000118
23,0.0,3.4e-05
24,0.0,1.2e-05
25,0.0,2e-06
26,0.0,2e-06
27,0.0,0.0
