,$P(pass)$ = 0.000,$P(fail)$ = 1.000
0,0.0,0.0
1,2e-06,0.0
2,1.2e-05,0.0
3,7.2e-05,0.0
4,0.000286,0.0
5,0.0,0.001334
6,0.0,0.00406
7,0.0,0.010404
8,0.0,0.022502
9,0.0,0.042168
10,0.0,0.068298
11,0.0,0.096514
12,0.0,0.121496
13,0.0,0.134598
14,0.0,0.132802
15,0.0,0.117586
16,0.0,0.092826
17,0.0,0.066222
18,0.0,0.04218
19,0.0,0.024178
20,0.0,0.012618
21,0.0,0.005762
22,0.0,0.002628
23,0.0,0.000994
24,0.0,0.000296
25,0.0,0.000108
26,0.0,4.2e-05
27,0.0,6e-06
28,0.0,2e-06
29,0.0,2e-06
30,0.0,0.0
