,$P(pass)$ = 0.497,$P(fail)$ = 0.503
0,6.8e-05,0.0
1,0.000818,0.0
2,0.004096,0.0
3,0.013692,0.0
4,0.032964,0.0
5,0.06422,0.0
6,0.100852,0.0
7,0.132438,0.0
8,0.147848,0.0
9,0.0,0.144344
10,0.0,0.123386
11,0.0,0.094106
12,0.0,0.063392
13,0.0,0.038252
14,0.0,0.02113
15,0.0,0.01046
16,0.0,0.004784
17,0.0,0.001998
18,0.0,0.000778
19,0.0,0.000234
20,0.0,0.000108
21,0.0,1.8e-05
22,0.0,1e-05
23,0.0,2e-06
24,0.0,0.0
