,$P(pass)$ = 0.586,$P(fail)$ = 0.414
0,0.030968,0.0
1,0.114998,0.0
2,0.204054,0.0
3,0.235578,0.0
4,0.0,0.193212
5,0.0,0.122544
6,0.0,0.06147
7,0.0,0.025138
8,0.0,0.00865
9,0.0,0.00252
10,0.0,0.000678
11,0.0,0.00015
12,0.0,3.2e-05
13,0.0,6e-06
14,0.0,0.0
