,$P(pass)$ = 0.988,$P(fail)$ = 0.012
0,0.602246,0.0
1,0.31058,0.0
2,0.074876,0.0
3,0.0,0.011114
4,0.0,0.001086
5,0.0,9.4e-05
6,0.0,2e-06
7,0.0,0.0
