,$P(pass)$ = 0.515,$P(fail)$ = 0.485
0,0.00035,0.0
1,0.002436,0.0
2,0.011016,0.0
3,0.030812,0.0
4,0.064752,0.0
5,0.105904,0.0
6,0.141234,0.0
7,0.158318,0.0
8,0.0,0.149452
9,0.0,0.123264
10,0.0,0.090242
11,0.0,0.057982
12,0.0,0.033118
13,0.0,0.017302
14,0.0,0.00821
15,0.0,0.003584
16,0.0,0.00136
17,0.0,0.00047
18,0.0,0.000134
19,0.0,4.4e-05
20,0.0,1.2e-05
21,0.0,2e-06
22,0.0,0.0
