,$P(pass)$ = 0.027,$P(fail)$ = 0.973
0,0.00058,0.0
1,0.005138,0.0
2,0.020826,0.0
3,0.0,0.053262
4,0.0,0.101362
5,0.0,0.146998
6,0.0,0.172026
7,0.0,0.165312
8,0.0,0.13471
9,0.0,0.094022
10,0.0,0.05582
11,0.0,0.02888
12,0.0,0.013218
13,0.0,0.005164
14,0.0,0.001848
15,0.0,0.000608
16,0.0,0.00017
17,0.0,4.2e-05
18,0.0,1e-05
19,0.0,0.0
20,0.0,2e-06
21,0.0,0.0
