,$P(pass)$ = 0.179,$P(fail)$ = 0.821
0,0.178918,0.0
1,0.0,0.323834
2,0.0,0.276612
3,0.0,0.14676
4,0.0,0.054888
5,0.0,0.01517
6,0.0,0.0032
7,0.0,0.000548
8,0.0,6e-05
9,0.0,8e-06
10,0.0,0.0
