,$P(pass)$ = 0.345,$P(fail)$ = 0.655
0,0.099612,0.0
1,0.245136,0.0
2,0.0,0.287074
3,0.0,0.20885
4,0.0,0.10458
5,0.0,0.039882
6,0.0,0.011572
7,0.0,0.002648
8,0.0,0.000552
9,0.0,8e-05
10,0.0,1.2e-05
11,0.0,0.0
