,$P(pass)$ = 0.811,$P(fail)$ = 0.189
0,0.015538,0.0
1,0.068762,0.0
2,0.149168,0.0
3,0.206416,0.0
4,0.20921,0.0
5,0.162336,0.0
6,0.0,0.102028
7,0.0,0.052082
8,0.0,0.02253
9,0.0,0.008386
10,0.0,0.002612
11,0.0,0.000696
12,0.0,0.000178
13,0.0,4.8e-05
14,0.0,6e-06
15,0.0,2e-06
16,0.0,0.0
