,$P(pass)$ = 0.611,$P(fail)$ = 0.389
0,0.003856,0.0
1,0.023716,0.0
2,0.071096,0.0
3,0.134942,0.0
4,0.185134,0.0
5,0.19253,0.0
6,0.0,0.163418
7,0.0,0.111226
8,0.0,0.063862
9,0.0,0.030534
10,0.0,0.013036
11,0.0,0.004624
12,0.0,0.00141
13,0.0,0.00048
14,0.0,0.00011
15,0.0,2e-05
16,0.0,4e-06
17,0.0,0.0
