,$P(pass)$ = 0.007,$P(fail)$ = 0.993
0,1e-05,0.0
1,0.000234,0.0
2,0.001388,0.0
3,0.005606,0.0
4,0.0,0.017206
5,0.0,0.039744
6,0.0,0.072844
7,0.0,0.112052
8,0.0,0.14275
9,0.0,0.155454
10,0.0,0.1465
11,0.0,0.11762
12,0.0,0.083806
13,0.0,0.052186
14,0.0,0.02893
15,0.0,0.014136
16,0.0,0.00603
17,0.0,0.002362
18,0.0,0.000838
19,0.0,0.000244
20,0.0,4e-05
21,0.0,1.6e-05
22,0.0,0.0
23,0.0,2e-06
24,0.0,0.0
