,$P(pass)$ = 0.346,$P(fail)$ = 0.654
0,0.098896,0.0
1,0.247136,0.0
2,0.0,0.286272
3,0.0,0.207242
4,0.0,0.105674
5,0.0,0.039766
6,0.0,0.011882
7,0.0,0.002538
8,0.0,0.000514
9,0.0,7.2e-05
10,0.0,6e-06
11,0.0,0.0
