,$P(pass)$ = 0.019,$P(fail)$ = 0.981
0,6e-06,0.0
1,3.4e-05,0.0
2,0.000218,0.0
3,0.001362,0.0
4,0.004668,0.0
5,0.01258,0.0
6,0.0,0.028552
7,0.0,0.052194
8,0.0,0.082512
9,0.0,0.11174
10,0.0,0.132974
11,0.0,0.138302
12,0.0,0.128552
13,0.0,0.10665
14,0.0,0.079782
15,0.0,0.053126
16,0.0,0.033104
17,0.0,0.017806
18,0.0,0.008856
19,0.0,0.004112
20,0.0,0.001852
21,0.0,0.000672
22,0.0,0.000236
23,0.0,7.4e-05
24,0.0,2.2e-05
25,0.0,8e-06
26,0.0,4e-06
27,0.0,0.0
