,$P(pass)$ = 0.022,$P(fail)$ = 0.978
0,4e-06,0.0
1,4.8e-05,0.0
2,0.00031,0.0
3,0.001488,0.0
4,0.005104,0.0
5,0.014664,0.0
6,0.0,0.032786
7,0.0,0.06031
8,0.0,0.094366
9,0.0,0.124458
10,0.0,0.143522
11,0.0,0.143888
12,0.0,0.127734
13,0.0,0.098508
14,0.0,0.068376
15,0.0,0.041562
16,0.0,0.023138
17,0.0,0.011372
18,0.0,0.005104
19,0.0,0.00215
20,0.0,0.000774
21,0.0,0.00022
22,0.0,8e-05
23,0.0,3e-05
24,0.0,2e-06
25,0.0,0.0
