,$P(pass)$ = 0.894,$P(fail)$ = 0.106
0,0.00094,0.0
1,0.00692,0.0
2,0.0256,0.0
3,0.0604,0.0
4,0.10938,0.0
5,0.15107,0.0
6,0.16763,0.0
7,0.15684,0.0
8,0.12737,0.0
9,0.08762,0.0
10,0.0,0.05254
11,0.0,0.02897
12,0.0,0.01462
13,0.0,0.00627
14,0.0,0.00243
15,0.0,0.00081
16,0.0,0.00027
17,0.0,5e-05
18,0.0,2e-05
19,0.0,0.0
