,$P(pass)$ = 0.410,$P(fail)$ = 0.590
0,0.001136,0.0
1,0.008086,0.0
2,0.0301,0.0
3,0.073374,0.0
4,0.127612,0.0
5,0.169308,0.0
6,0.0,0.179466
7,0.0,0.15693
8,0.0,0.114972
9,0.0,0.071526
10,0.0,0.038666
11,0.0,0.017744
12,0.0,0.007234
13,0.0,0.002686
14,0.0,0.000826
15,0.0,0.000256
16,0.0,5.6e-05
17,0.0,2e-05
18,0.0,0.0
