,$P(pass)$ = 0.056,$P(fail)$ = 0.944
0,7.2e-05,0.0
1,0.00078,0.0
2,0.004306,0.0
3,0.014648,0.0
4,0.036544,0.0
5,0.0,0.07021
6,0.0,0.108616
7,0.0,0.141584
8,0.0,0.154302
9,0.0,0.145344
10,0.0,0.120332
11,0.0,0.086696
12,0.0,0.055532
13,0.0,0.032198
14,0.0,0.016228
15,0.0,0.007746
16,0.0,0.0031
17,0.0,0.001198
18,0.0,0.000394
19,0.0,0.000116
20,0.0,3.8e-05
21,0.0,1.2e-05
22,0.0,0.0
23,0.0,2e-06
24,0.0,0.0
