,$P(pass)$ = 0.018,$P(fail)$ = 0.982
0,0.0,0.0
1,4e-06,0.0
2,6e-06,0.0
3,6.4e-05,0.0
4,0.000436,0.0
5,0.001572,0.0
6,0.004578,0.0
7,0.011274,0.0
8,0.0,0.024546
9,0.0,0.04469
10,0.0,0.070578
11,0.0,0.097532
12,0.0,0.120832
13,0.0,0.132384
14,0.0,0.128656
15,0.0,0.114334
16,0.0,0.09052
17,0.0,0.06538
18,0.0,0.042276
19,0.0,0.025364
20,0.0,0.013428
21,0.0,0.006578
22,0.0,0.003054
23,0.0,0.001256
24,0.0,0.000448
25,0.0,0.000136
26,0.0,5e-05
27,0.0,1.6e-05
28,0.0,4e-06
29,0.0,2e-06
30,0.0,0.0
