,$P(pass)$ = 0.542,$P(fail)$ = 0.458
0,0.02652,0.0
1,0.10084,0.0
2,0.188898,0.0
3,0.225322,0.0
4,0.0,0.19846
5,0.0,0.134684
6,0.0,0.073314
7,0.0,0.033116
8,0.0,0.012834
9,0.0,0.004252
10,0.0,0.001294
11,0.0,0.00037
12,0.0,8e-05
13,0.0,1.4e-05
14,0.0,0.0
