,$P(pass)$ = 0.017,$P(fail)$ = 0.983
0,0.0,0.0
1,0.0,0.0
2,1.4e-05,0.0
3,7.6e-05,0.0
4,0.000376,0.0
5,0.001296,0.0
6,0.004188,0.0
7,0.010628,0.0
8,0.0,0.022572
9,0.0,0.041692
10,0.0,0.066776
11,0.0,0.094106
12,0.0,0.117492
13,0.0,0.131038
14,0.0,0.129522
15,0.0,0.116504
16,0.0,0.094342
17,0.0,0.068374
18,0.0,0.045134
19,0.0,0.027396
20,0.0,0.015056
21,0.0,0.00757
22,0.0,0.003474
23,0.0,0.001456
24,0.0,0.000606
25,0.0,0.000212
26,0.0,6.2e-05
27,0.0,2.4e-05
28,0.0,1e-05
29,0.0,2e-06
30,0.0,0.0
