,$P(pass)$ = 0.897,$P(fail)$ = 0.103
0,0.006052,0.0
1,0.033372,0.0
2,0.087086,0.0
3,0.150358,0.0
4,0.188152,0.0
5,0.185016,0.0
6,0.147748,0.0
7,0.098868,0.0
8,0.0,0.05647
9,0.0,0.027634
10,0.0,0.012406
11,0.0,0.004638
12,0.0,0.001538
13,0.0,0.000474
14,0.0,0.000142
15,0.0,3.4e-05
16,0.0,1e-05
17,0.0,0.0
