,$P(pass)$ = 0.498,$P(fail)$ = 0.502
0,6.8e-05,0.0
1,0.000754,0.0
2,0.003922,0.0
3,0.013678,0.0
4,0.033034,0.0
5,0.064518,0.0
6,0.101348,0.0
7,0.131892,0.0
8,0.149,0.0
9,0.0,0.144612
10,0.0,0.122864
11,0.0,0.093046
12,0.0,0.063374
13,0.0,0.03844
14,0.0,0.020922
15,0.0,0.010526
16,0.0,0.004896
17,0.0,0.001936
18,0.0,0.00079
19,0.0,0.000274
20,0.0,8e-05
21,0.0,1.8e-05
22,0.0,6e-06
23,0.0,0.0
