,$P(pass)$ = 0.493,$P(fail)$ = 0.507
0,0.020644,0.0
1,0.084718,0.0
2,0.170102,0.0
3,0.21764,0.0
4,0.0,0.203672
5,0.0,0.148334
6,0.0,0.086324
7,0.0,0.042418
8,0.0,0.017414
9,0.0,0.0063
10,0.0,0.001822
11,0.0,0.00049
12,0.0,9.4e-05
13,0.0,2.2e-05
14,0.0,4e-06
15,0.0,0.0
