,$P(pass)$ = 0.022,$P(fail)$ = 0.978
0,0.002652,0.0
1,0.018914,0.0
2,0.0,0.05997
3,0.0,0.122536
4,0.0,0.177506
5,0.0,0.195584
6,0.0,0.172972
7,0.0,0.121208
8,0.0,0.071626
9,0.0,0.03517
10,0.0,0.014758
11,0.0,0.005184
12,0.0,0.001364
13,0.0,0.000424
14,0.0,0.000102
15,0.0,2.6e-05
16,0.0,2e-06
17,0.0,0.0
