,$P(pass)$ = 0.398,$P(fail)$ = 0.602
0,0.003306,0.0
1,0.02091,0.0
2,0.065004,0.0
3,0.127238,0.0
4,0.18131,0.0
5,0.0,0.19479
6,0.0,0.165776
7,0.0,0.117222
8,0.0,0.06847
9,0.0,0.034166
10,0.0,0.014314
11,0.0,0.00517
12,0.0,0.001664
13,0.0,0.000546
14,0.0,9.8e-05
15,0.0,1e-05
16,0.0,4e-06
17,0.0,0.0
