,$P(pass)$ = 0.000,$P(fail)$ = 1.000
0,0.0,0.0
1,2e-06,0.0
2,1.8e-05,0.0
3,7.6e-05,0.0
4,0.00032,0.0
5,0.0,0.001244
6,0.0,0.004058
7,0.0,0.01063
8,0.0,0.022706
9,0.0,0.041866
10,0.0,0.068252
11,0.0,0.09693
12,0.0,0.121024
13,0.0,0.135114
14,0.0,0.133154
15,0.0,0.117408
16,0.0,0.092766
17,0.0,0.065234
18,0.0,0.042202
19,0.0,0.024614
20,0.0,0.012454
21,0.0,0.005954
22,0.0,0.002486
23,0.0,0.001016
24,0.0,0.00033
25,0.0,0.000106
26,0.0,2.8e-05
27,0.0,6e-06
28,0.0,0.0
