,$P(pass)$ = 0.477,$P(fail)$ = 0.523
0,0.055542,0.0
1,0.17035,0.0
2,0.250642,0.0
3,0.0,0.23667
4,0.0,0.158472
5,0.0,0.080518
6,0.0,0.032838
7,0.0,0.010994
8,0.0,0.00312
9,0.0,0.000686
10,0.0,0.000146
11,0.0,1.8e-05
12,0.0,2e-06
13,0.0,0.0
